{"auxiliary_edge":[["47","30","185.607117"],["65","46","179.497147"],["31","48","194.486496"],["60","25","208.883865"],["24","63","303.219177"],["61","20","251.314362"],["17","60","219.705536"],["18","16","103.696671"],["7","5","99.644371"],["6","8","102.532921"],["29","64","172.612061"],["28","30","98.432716"],["18","20","98.883774"],["19","62","207.058517"],["10","16","194.756256"],["15","9","199.150696"],["62","14","194.342834"],["10","13","133.195343"],["11","15","148.600128"],["14","12","88.729927"],["10","8","100.498756"],["47","49","104.737770"],["7","9","100.801788"],["55","60","245.587479"],["63","54","135.860046"],["61","56","188.651611"],["57","59","95.210297"],["5","60","226.520584"],["4","6","99.624290"],["4","18","327.055054"],["62","3","228.654358"],["22","20","102.107788"],["21","23","99.141312"],["21","60","213.718216"],["26","28","98.716766"],["27","61","164.907852"],["19","24","183.847763"],["35","37","93.407707"],["4","2","101.788994"],["0","2","100.284592"],["1","59","104.393486"],["29","31","98.898941"],["27","65","156.580673"],["28","51","237.810852"],["46","38","210.611023"],["45","31","164.344147"],["45","39","161.400131"],["44","32","171.230835"],["41","43","91.586021"],["43","38","154.262756"],["44","40","136.565002"],["36","33","117.337120"],["34","38","137.320786"],["37","32","147.054413"],["33","45","188.809433"],["42","39","117.388245"],["32","47","181.220856"],["51","49","102.415817"],["50","64","150.352493"],["59","55","104.009613"],["63","58","108.815422"],["56","0","122.983742"],["52","54","98.615417"],["53","51","98.838249"],["61","2","267.593933"],["60","1","216.112762"],["63","3","171.412689"],["65","52","168.132462"],["24","26","84.480766"],["53","61","182.418533"],["25","64","173.451706"],["48","50","105.645638"],["55","64","181.472504"],["17","15","106.018867"],["54","26","267.710663"]],"avg_edge_length":98.46031951904297,"bounding_box":[17.0,18.0,1105.0,625.0],"centroid":[540.2810668945313,362.7266540527344],"centroid_tri_idx":1,"edge_list":[["65","31","154.738022"],["31","47","172.513763"],["47","65","144.110825"],["24","61","137.157791"],["61","60","160.433289"],["60","24","194.293503"],["17","18","50.803543"],["18","62","164.123260"],["62","17","154.718231"],["62","6","155.743454"],["6","7","51.855568"],["7","62","135.320679"],["65","28","125.655136"],["28","29","48.383881"],["29","65","113.386063"],["19","60","183.673172"],["60","18","181.581696"],["18","19","48.764740"],["15","62","170.637939"],["62","10","144.596909"],["10","15","165.529449"],["10","11","51.400391"],["11","14","114.061386"],["14","10","145.120636"],["11","13","89.022469"],["13","14","49.040798"],["12","13","47.853943"],["11","12","49.769470"],["14","15","52.345009"],["62","9","126.231888"],["9","10","50.606323"],["47","48","51.224995"],["48","65","118.113457"],["7","8","51.088158"],["8","62","123.993752"],["63","61","176.196182"],["61","55","163.352386"],["55","63","86.562363"],["56","57","47.381432"],["57","58","46.872166"],["58","56","59.211487"],["62","4","199.339584"],["4","5","51.195702"],["5","62","175.366791"],["62","60","181.556351"],["60","4","204.842361"],["24","21","108.466583"],["21","22","52.086468"],["22","24","74.793045"],["20","21","50.447994"],["24","20","146.778748"],["22","23","49.396355"],["23","24","47.853943"],["27","64","133.644104"],["64","26","141.867111"],["26","27","48.052055"],["19","20","50.119858"],["20","60","199.061005"],["36","34","82.462112"],["34","35","49.335587"],["35","36","49.254440"],["60","3","189.477936"],["3","4","51.351727"],["0","1","51.195702"],["1","63","94.221733"],["63","0","73.118576"],["30","65","125.849312"],["29","30","50.159744"],["27","28","50.695168"],["28","64","145.429031"],["65","64","120.822258"],["30","31","48.754486"],["32","45","146.604904"],["45","46","51.312767"],["46","32","158.113876"],["38","44","150.960266"],["44","45","45.177429"],["45","38","166.012054"],["40","41","48.826221"],["41","42","47.675991"],["42","40","81.541397"],["43","44","50.695168"],["44","39","134.093246"],["39","43","122.429573"],["37","34","107.280006"],["36","37","50.803543"],["33","34","50.358715"],["37","33","122.413231"],["37","38","51.400391"],["38","33","133.645050"],["38","32","140.346008"],["32","33","50.000000"],["42","43","50.606323"],["43","40","106.301460"],["39","40","50.803543"],["38","39","48.270073"],["46","31","161.969131"],["31","32","44.204071"],["65","50","110.991982"],["50","51","50.477718"],["51","65","134.619095"],["46","47","50.803543"],["63","56","86.853355"],["56","59","83.486526"],["59","63","80.284164"],["53","64","126.635490"],["64","52","119.417183"],["52","53","48.332184"],["63","60","192.150208"],["63","2","126.745163"],["2","60","194.445068"],["5","6","48.846699"],["51","64","127.747765"],["1","2","49.396355"],["25","61","121.767975"],["24","25","33.837849"],["54","64","148.704727"],["53","54","50.328918"],["25","26","52.038448"],["26","61","133.266525"],["59","0","53.338543"],["58","59","52.038448"],["2","3","50.695168"],["48","49","53.758720"],["49","65","104.187050"],["49","50","52.009613"],["61","54","166.150604"],["54","55","49.979996"],["55","56","26.000000"],["16","17","53.084839"],["62","16","155.985489"],["15","16","53.009434"],["61","64","123.881035"],["51","52","50.606323"],["8","9","49.929951"]],"edge_to_tri":[[0,29],[0,44],[0,12],[1,52],[1,47],[1,58],[2],[2,67],[2,63],[3,49],[3],[3,13],[4,28],[4],[4,26],[5,22],[5,67],[5],[6,64],[6,11],[6,10],[7],[7,8],[7,10],[8,9],[8],[9],[9],[10],[11,68],[11],[12],[12,59],[13],[13,68],[14,47],[14,61],[14,62],[15],[15],[15,56],[16,17],[16],[16,49],[17,67],[17,24],[18,19],[18],[18,20],[19],[19,58],[20],[20],[21,27],[21,69],[21],[22],[22,58],[23,34],[23],[23],[24,57],[24],[25],[25,51],[25,55],[26,29],[26],[27],[27,28],[28,50],[29],[30,41],[30],[30,42],[31,40],[31],[31,41],[32],[32],[32,38],[33],[33,40],[33,39],[34,35],[34],[35],[35,36],[36],[36,37],[37,41],[37],[38],[38,39],[39],[40],[42,44],[42],[43,60],[43],[43,50],[44],[45,62],[45,56],[45,55],[46,53],[46,66],[46],[47,48],[48,51],[48,57],[49],[50,66],[51],[52,54],[52],[53,65],[53],[54],[54,69],[55],[56],[57],[59],[59,60],[60],[61,65],[61],[62],[63],[63,64],[64],[65,69],[66],[68]],"face_indice":[[65,31,47,0,1,2],[24,61,60,3,4,5],[17,18,62,6,7,8],[62,6,7,9,10,11],[65,28,29,12,13,14],[19,60,18,15,16,17],[15,62,10,18,19,20],[10,11,14,21,22,23],[11,13,14,24,25,22],[12,13,11,26,24,27],[10,14,15,23,28,20],[10,62,9,19,29,30],[47,48,65,31,32,2],[7,8,62,33,34,11],[63,61,55,35,36,37],[56,57,58,38,39,40],[62,4,5,41,42,43],[4,62,60,41,44,45],[24,21,22,46,47,48],[20,21,24,49,46,50],[22,23,24,51,52,48],[27,64,26,53,54,55],[60,19,20,15,56,57],[36,34,35,58,59,60],[60,3,4,61,62,45],[0,1,63,63,64,65],[30,65,29,66,14,67],[27,28,64,68,69,53],[65,64,28,70,69,12],[65,30,31,66,71,0],[32,45,46,72,73,74],[38,44,45,75,76,77],[40,41,42,78,79,80],[43,44,39,81,82,83],[37,34,36,84,58,85],[33,34,37,86,84,87],[33,37,38,87,88,89],[33,38,32,89,90,91],[40,42,43,80,92,93],[40,43,39,93,83,94],[39,44,38,82,75,95],[38,45,32,77,72,90],[32,46,31,74,96,97],[65,50,51,98,99,100],[46,47,31,101,1,96],[63,56,59,102,103,104],[53,64,52,105,106,107],[60,61,63,4,35,108],[60,63,2,108,109,110],[62,5,6,43,111,9],[65,51,64,100,112,70],[2,63,1,109,64,113],[25,61,24,114,3,115],[54,64,53,116,105,117],[25,26,61,118,119,114],[63,59,0,104,120,65],[56,58,59,40,121,103],[3,60,2,61,110,122],[24,60,20,5,57,50],[65,48,49,32,123,124],[49,50,65,125,98,124],[55,61,54,36,126,127],[63,55,56,37,128,102],[16,17,62,129,8,130],[62,15,16,18,131,130],[61,64,54,132,116,126],[52,64,51,106,112,133],[62,18,60,7,16,44],[8,9,62,134,29,34],[61,26,64,119,54,132]],"face_number":70,"img_height":660,"img_path":".\\image\\001.png","img_width":1139,