{"auxiliary_edge":[["3","1","53.366657"],["2","4","50.921509"],["46","48","50.596443"],["47","45","48.548943"],["10","54","171.802094"],["11","51","24.129856"],["8","10","49.193497"],["55","9","79.886551"],["51","7","58.174309"],["55","56","171.447327"],["11","0","201.315674"],["8","6","51.429562"],["5","3","42.953465"],["4","6","44.598206"],["47","49","51.788029"],["5","7","52.801514"],["13","50","32.218220"],["14","19","77.524193"],["15","50","62.516567"],["15","56","118.911346"],["11","16","82.006096"],["1","54","165.539368"],["0","2","55.226807"],["15","52","63.846546"],["19","17","35.440090"],["18","16","40.607880"],["28","11","201.062180"],["56","29","120.796127"],["54","27","164.747635"],["30","28","48.373547"],["29","31","51.788029"],["21","53","35.794552"],["20","22","45.891174"],["24","22","42.953465"],["23","25","40.311287"],["49","55","140.353317"],["0","48","52.153618"],["24","26","50.039986"],["46","43","74.276512"],["27","25","56.222771"],["26","28","54.341511"],["30","32","47.010635"],["33","35","49.406479"],["36","54","156.940491"],["33","35","49.406479"],["34","32","49.091751"],["34","40","117.200684"],["36","54","156.940491"],["31","33","47.169907"],["36","54","156.940491"],["35","39","82.097504"],["37","40","63.150612"],["36","38","50.209560"],["54","44","147.464813"],["45","42","76.026314"],["43","41","51.429562"],["42","40","50.990196"],["41","35","115.572487"],["20","19","21.931713"],["34","40","117.200684"],["11","12","25.806976"],["53","11","90.731750"],["21","23","48.083260"],["19","54","189.267975"]],"avg_edge_length":60.82093048095703,"bounding_box":[3.0,5.0,399.0,316.0],"centroid":[216.5077667236328,164.8329315185547],"centroid_tri_idx":58,"edge_list":[["2","55","88.612137"],["55","3","75.761299"],["3","2","25.632011"],["54","47","153.173752"],["47","46","24.596748"],["46","54","150.873718"],["55","11","80.535942"],["11","10","11.180340"],["10","55","76.658966"],["55","51","77.181465"],["51","8","36.582100"],["8","55","78.517876"],["54","11","166.290833"],["55","54","132.764526"],["7","55","70.851677"],["8","7","25.632011"],["10","51","13.124405"],["4","55","71.245438"],["55","5","68.619453"],["5","4","18.027756"],["9","8","24.515301"],["51","9","13.124405"],["54","48","152.826675"],["48","47","26.476404"],["6","5","26.907248"],["55","6","66.768974"],["12","14","37.536648"],["14","13","24.515301"],["13","12","20.396078"],["11","15","65.459915"],["15","14","25.298222"],["14","11","47.801674"],["11","19","80.305664"],["19","15","63.702435"],["0","55","120.832420"],["55","1","102.980324"],["1","0","27.073973"],["19","16","45.541191"],["16","15","28.284271"],["19","52","10.965853"],["52","16","41.647480"],["18","17","17.464249"],["17","52","26.144674"],["52","18","13.792984"],["17","16","26.570660"],["56","54","163.693634"],["54","28","148.531952"],["28","56","102.452538"],["30","29","27.073973"],["29","54","141.579239"],["54","30","140.212265"],["20","56","57.422596"],["56","21","61.872185"],["21","20","25.179358"],["23","56","56.347469"],["56","24","54.828251"],["24","23","17.464249"],["54","0","159.512009"],["0","49","27.000000"],["49","54","155.960602"],["56","25","56.944447"],["25","24","23.021729"],["46","45","24.207438"],["45","54","147.559158"],["26","56","66.485428"],["56","27","86.314995"],["27","26","29.068884"],["28","27","26.000000"],["54","31","138.346252"],["31","30","25.000000"],["29","28","21.377558"],["26","25","27.166155"],["4","3","25.298222"],["34","36","50.477718"],["36","33","74.886581"],["33","34","24.413111"],["54","34","137.254349"],["33","54","134.218048"],["35","36","25.553865"],["34","35","25.000000"],["54","32","134.239655"],["32","31","22.472204"],["33","32","24.698177"],["35","40","95.817535"],["40","36","78.409180"],["36","39","60.008331"],["39","37","39.204590"],["37","36","25.612497"],["39","38","23.323807"],["38","37","24.839485"],["40","39","28.017851"],["45","43","50.447994"],["43","54","142.552002"],["43","42","25.942244"],["42","54","141.540436"],["49","48","25.317978"],["41","54","144.263000"],["42","41","25.495098"],["45","44","26.248810"],["44","43","25.059929"],["41","40","25.495098"],["40","54","151.294174"],["20","53","10.965857"],["53","56","55.537746"],["54","35","143.866669"],["14","50","41.736809"],["50","11","11.180335"],["12","50","14.626640"],["53","19","10.965857"],["19","56","55.785553"],["56","22","59.864040"],["22","21","23.323807"],["11","56","116.242165"],["7","6","26.076809"],["23","22","26.076809"],["2","1","28.160255"]],"edge_to_tri":[[0,59],[0,31],[0],[1,9],[1],[1,25],[2,4],[2],[2,6],[3,6],[3,8],[3,5],[4,58],[4,49],[5,55],[5],[6],[7,31],[7,10],[7],[8],[8],[9,43],[9],[10],[10,55],[11,51],[11],[11],[12,13],[12],[12,50],[13,54],[13,15],[14,49],[14,59],[14],[15,16],[15],[16],[16,18],[17],[17,18],[17],[18],[19,58],[19,29],[19,27],[20],[20,29],[20,28],[21,47],[21,53],[21],[22,56],[22,24],[22],[23,49],[23],[23,43],[24,30],[24],[25],[25,41],[26,30],[26,27],[26],[27],[28,35],[28],[29],[30],[31],[32,34],[32],[32,33],[33,48],[33,36],[34,37],[34,48],[35,36],[35],[36],[37,57],[37,40],[38,40],[38,39],[38],[39],[39],[40],[41,45],[41,42],[42],[42,44],[43],[44,46],[44],[45],[45],[46],[46,57],[47],[47,52],[48,57],[50,51],[50],[51],[52],[52,54],[53,56],[53],[54,58],[55],[56],[59]],"face_indice":[[2,55,3,0,1,2],[54,47,46,3,4,5],[55,11,10,6,7,8],[55,51,8,9,10,11],[54,11,55,12,6,13],[7,55,8,14,11,15],[55,10,51,8,16,9],[4,55,5,17,18,19],[9,8,51,20,10,21],[54,48,47,22,23,3],[6,5,55,24,18,25],[12,14,13,26,27,28],[11,15,14,29,30,31],[11,19,15,32,33,29],[0,55,1,34,35,36],[15,19,16,33,37,38],[16,19,52,37,39,40],[18,17,52,41,42,43],[17,16,52,44,40,42],[56,54,28,45,46,47],[30,29,54,48,49,50],[20,56,21,51,52,53],[23,56,24,54,55,56],[54,0,49,57,58,59],[24,56,25,55,60,61],[46,45,54,62,63,5],[26,56,27,64,65,66],[56,28,27,47,67,65],[54,31,30,68,69,50],[29,28,54,70,46,49],[25,56,26,60,64,71],[3,55,4,1,17,72],[34,36,33,73,74,75],[54,34,33,76,75,77],[35,36,34,78,73,79],[54,32,31,80,81,68],[33,32,54,82,80,77],[35,40,36,83,84,78],[36,39,37,85,86,87],[37,39,38,86,88,89],[36,40,39,84,90,85],[54,45,43,63,91,92],[54,43,42,92,93,94],[54,49,48,59,95,22],[41,54,42,96,94,97],[43,45,44,91,98,99],[54,41,40,96,100,101],[56,20,53,51,102,103],[35,34,54,79,76,104],[55,0,54,34,57,13],[11,14,50,31,105,106],[14,12,50,26,107,105],[53,19,56,108,109,103],[56,22,21,110,111,52],[19,11,56,32,112,109],[55,7,6,14,113,25],[22,56,23,110,54,114],[54,40,35,101,83,104],[56,11,54,112,12,45],[1,55,2,35,0,115]],"face_number":60,"img_height":328,"img_path":".\\image\\003.png","img_width":408,"indices":[2,55,3,54,47,46,55,11,10,55,51,8,54,11,55,7,55,8,55,10,51,4,55,5,9,8,51,54,48,47,6,5,55,12,14,13,11,15,14,11,19,15,0,55,1,15,19,16,16,19,52,18,17,52,17,16,52,56,54,28,30,29,54,20,56,21,23,56,24,54,0,49,24,56,25,46,45,54,26,56,27,56,28,27,54,31,30,29,28,54,25,56,26,3,55,4,34,36,33,54,34,33,35,36,34,54,32,31,33,32,54,35,40,36,36,39,37,37,39,38,36,40,39,54,45,43,54,43,42,54,49,48,41,54,42,43,45,44,54,41,40,56,20,53,35,34,54,55,0,54,11,14,50,14,12,50,53,19,56,56,22,21,19,11,56,55,7,6,22,56,23,54,40,35,56,11,54,1,55,2],"negative_edge":[["44","38","153.075150"],["38","43","128.015625"],["43","38","128.015625"]],