{"auxiliary_edge":[["54","13","158.389267"],["14","53","295.682220"],["52","15","208.958542"],["0","48","93.048378"],["49","1","94.085068"],["20","53","189.569031"],["21","50","71.656540"],["53","49","242.274231"],["52","47","253.854935"],["48","54","289.253845"],["19","14","110.222504"],["15","50","89.603470"],["54","16","106.686600"],["5","7","86.815895"],["6","4","85.146935"],["3","5","81.400246"],["4","2","82.764725"],["8","52","175.677994"],["7","10","105.385010"],["9","11","79.322128"],["11","6","165.978912"],["7","12","166.111404"],["22","24","88.056801"],["23","21","88.277969"],["19","17","44.283180"],["18","15","82.006096"],["2","0","87.965904"],["1","3","85.070557"],["19","20","44.911022"],["11","13","87.367043"],["48","46","87.800911"],["42","25","174.656799"],["28","43","121.926208"],["53","51","142.398956"],["21","52","276.189697"],["54","22","153.759674"],["24","28","127.534309"],["25","23","85.088188"],["26","53","149.488510"],["25","27","82.346825"],["30","35","109.836243"],["29","31","86.977005"],["30","33","84.852814"],["32","34","73.082146"],["34","41","130.361038"],["35","51","142.480789"],["29","40","127.121986"],["36","41","117.885536"],["35","39","81.394104"],["37","39","60.530983"],["38","40","88.192970"],["28","41","98.432716"],["42","44","87.418533"],["43","45","89.274857"],["14","12","86.815895"],["47","45","86.005814"],["44","46","86.821655"],["42","29","96.772926"]],"avg_edge_length":86.16936492919922,"bounding_box":[16.0,5.0,729.0,397.0],"centroid":[402.9878234863281,216.0301513671875],"centroid_tri_idx":50,"edge_list":[["14","52","185.762955"],["52","54","157.934982"],["54","14","125.703926"],["49","52","199.195694"],["52","0","175.143509"],["0","49","48.000000"],["54","21","119.198898"],["21","20","44.102154"],["20","54","88.944901"],["52","48","226.605469"],["48","53","218.700912"],["53","52","251.367264"],["15","54","109.893173"],["54","19","68.189049"],["19","15","73.545906"],["52","6","151.627167"],["6","5","44.418465"],["5","52","146.971466"],["52","4","141.211044"],["4","3","39.661064"],["3","52","142.617310"],["7","11","127.816277"],["11","8","93.059120"],["8","7","43.965897"],["8","10","63.126858"],["10","9","36.069378"],["9","8","43.908997"],["11","10","44.283180"],["5","4","41.868843"],["7","52","158.233734"],["52","11","175.816238"],["53","23","155.605118"],["23","22","45.541191"],["22","53","161.452744"],["19","18","17.204651"],["18","16","47.927029"],["16","19","47.381432"],["1","52","158.434906"],["52","2","148.638763"],["2","1","41.976185"],["16","15","42.047592"],["18","17","30.413813"],["17","16","40.521599"],["50","19","17.204649"],["54","50","73.637444"],["52","12","175.009506"],["12","11","45.607018"],["48","47","43.931767"],["47","53","197.095322"],["3","2","43.462627"],["28","53","121.199188"],["53","42","138.742401"],["42","28","83.150467"],["54","53","169.989029"],["53","21","171.825790"],["53","25","149.875732"],["25","24","42.801868"],["24","53","152.529709"],["25","28","91.983696"],["28","26","57.558666"],["26","25","42.638012"],["28","27","21.213203"],["27","26","42.579338"],["30","29","44.384682"],["29","34","110.063622"],["34","30","81.215759"],["31","30","42.720020"],["34","31","66.128662"],["31","33","49.244289"],["33","32","32.015621"],["32","31","44.721359"],["34","33","42.941822"],["29","35","125.801430"],["35","34","42.190044"],["29","41","98.325989"],["41","35","111.400177"],["36","35","44.553337"],["35","40","87.920418"],["40","36","80.156097"],["36","38","48.093658"],["38","37","22.825424"],["37","36","40.718548"],["36","39","51.865211"],["39","38","44.283180"],["40","39","44.102154"],["41","40","44.407207"],["22","21","43.000000"],["42","51","87.410210"],["51","28","21.213202"],["15","14","43.908997"],["53","43","144.241394"],["43","42","42.941822"],["53","44","151.541229"],["44","43","45.276924"],["14","13","44.944408"],["13","52","177.826050"],["47","46","43.965897"],["46","53","179.633987"],["49","48","45.099888"],["20","50","27.706373"],["53","45","162.960205"],["45","44","44.407207"],["42","41","31.320919"],["41","51","95.956940"],["29","51","22.203384"],["7","6","43.011627"],["24","23","43.081318"],["46","45","42.544094"],["13","12","42.059483"],["1","0","46.173584"]],"edge_to_tri":[[0,42],[0,50],[0,39],[1,44],[1,55],[1],[2,22],[2],[2,45],[3,44],[3,19],[3,50],[4,39],[4,17],[4,15],[5,51],[5],[5,10],[6,10],[6],[6,20],[7,11],[7,9],[7],[8,9],[8],[8],[9],[10],[11,51],[11,18],[12,52],[12],[12,37],[13],[13,16],[13,15],[14,55],[14,20],[14],[15],[16],[16],[17],[17,45],[18,54],[18],[19],[19,43],[20],[21,47],[21,40],[21,38],[22,50],[22,37],[23,47],[23],[23,52],[24,47],[24,25],[24],[25],[25],[26],[26,30],[26,27],[27],[27,29],[28,29],[28],[28],[29],[30,31],[30],[31,49],[31,36],[32],[32,36],[32,35],[33,34],[33],[33],[34,35],[34],[35],[36],[37],[38,48],[38],[39],[40,41],[40],[41,46],[41],[42],[42,54],[43],[43,53],[44],[45],[46,53],[46],[48],[48,49],[49],[51],[52],[53],[54],[55]],"face_indice":[[14,52,54,0,1,2],[49,52,0,3,4,5],[54,21,20,6,7,8],[52,48,53,9,10,11],[15,54,19,12,13,14],[52,6,5,15,16,17],[52,4,3,18,19,20],[7,11,8,21,22,23],[8,10,9,24,25,26],[8,11,10,22,27,24],[4,52,5,18,17,28],[7,52,11,29,30,21],[53,23,22,31,32,33],[19,18,16,34,35,36],[1,52,2,37,38,39],[15,19,16,14,36,40],[16,18,17,35,41,42],[50,19,54,43,13,44],[52,12,11,45,46,30],[53,48,47,10,47,48],[2,52,3,38,20,49],[28,53,42,50,51,52],[54,53,21,53,54,6],[53,25,24,55,56,57],[25,28,26,58,59,60],[26,28,27,59,61,62],[30,29,34,63,64,65],[31,30,34,66,65,67],[31,33,32,68,69,70],[31,34,33,67,71,68],[29,35,34,72,73,64],[35,29,41,72,74,75],[36,35,40,76,77,78],[36,38,37,79,80,81],[36,39,38,82,83,79],[36,40,39,78,84,82],[35,41,40,75,85,77],[22,21,53,86,54,33],[28,42,51,52,87,88],[54,15,14,12,89,2],[42,53,43,51,90,91],[53,44,43,92,93,90],[52,14,13,0,94,95],[53,47,46,48,96,97],[48,52,49,9,3,98],[54,20,50,8,99,44],[53,45,44,100,101,92],[25,53,28,55,50,58],[42,41,51,102,103,87],[41,29,51,74,104,103],[52,53,54,11,53,1],[52,7,6,29,105,15],[53,24,23,57,106,31],[53,46,45,97,107,100],[52,13,12,95,108,45],[0,52,1,4,37,109]],"face_number":56,"img_height":409,"img_path":".\\image\\004.png","img_width":751,"indices":[14,52,54,49,52,0,54,21,20,52,48,53,15,54,19,52,6,5,52,4,3,7,11,8,8,10,9,8,11,10,4,52,5,7,52,11,53,23,22,19,18,16,1,52,2,15,19,16,16,18,17,50,19,54,52,12,11,53,48,47,2,52,3,28,53,42,54,53,21,53,25,24,25,28,26,26,28,27,30,29,34,31,30,34,31,33,32,31,34,33,29,35,34,35,29,41,36,35,40,36,38,37,36,39,38,36,40,39,35,41,40,22,21,53,28,42,51,54,15,14,42,53,43,53,44,43,52,14,13,53,47,46,48,52,49,54,20,50,53,45,44,25,53,28,42,41,51,41,29,51,52,53,54,52,7,6,53,24,23,53,46,45,52,13,12,0,52,1],"negative_edge":[["23","17","175.390991"],["24","32","233.694244"],["32","23","276.703827"],["31","25","154.146042"],["33","37","161.000000"],["37","32","193.002594"],["44","39","154.466827"],["25","31","154.146042"],["32","25","193.785965"],["25","32","193.785965"],["32","24","233.694244"],["37","33","161.000000"],["47","38","313.512360"],["38","46","269.979614"],["39","44","154.466827"],["45","39","193.762741"],["39","45","193.762741"],["45","38","230.783447"],["46","38","269.979614"],["38","45","230.783447"],["48","38","357.418518"],["38","47","313.512360"]],