{"auxiliary_edge":[["9","6","59.000000"],["8","4","85.146935"],["0","48","30.149628"],["49","1","35.735138"],["46","53","87.156296"],["45","47","39.824615"],["35","50","102.414703"],["30","36","68.731361"],["53","34","94.609016"],["5","52","101.552299"],["5","7","52.801514"],["50","27","99.675819"],["28","4","154.207657"],["52","29","86.092018"],["10","20","68.541962"],["21","11","69.260376"],["16","22","95.707886"],["13","15","47.010635"],["10","15","73.061615"],["12","16","67.067131"],["11","14","54.451813"],["10","52","80.715187"],["9","21","63.063461"],["16","19","52.000000"],["17","21","75.325958"],["28","26","47.042534"],["18","20","54.083271"],["50","9","117.315758"],["52","3","107.451736"],["23","26","55.713554"],["22","24","40.496914"],["25","52","64.752739"],["35","37","56.612720"],["4","22","131.946960"],["27","22","73.573090"],["47","49","32.310989"],["48","46","39.051247"],["31","35","55.713554"],["30","33","38.118237"],["32","34","49.193497"],["9","26","98.234413"],["3","51","73.496483"],["2","4","48.662102"],["37","43","92.395889"],["53","38","80.150688"],["42","36","97.616600"],["37","41","71.449280"],["39","41","29.017237"],["40","42","42.544094"],["42","44","55.172459"],["0","2","38.275318"],["53","2","127.900307"],["50","45","103.357430"],["51","30","149.226608"],["53","29","105.929497"],["28","30","57.035076"],["1","50","93.196693"],["51","44","74.736366"],["43","45","56.080299"]],"avg_edge_length":43.48525619506836,"bounding_box":[10.0,5.0,394.0,229.0],"centroid":[204.63897705078125,127.86223602294922],"centroid_tri_idx":21,"edge_list":[["9","8","20.615528"],["8","5","63.126858"],["5","9","69.856995"],["49","51","36.956341"],["51","0","40.074863"],["0","49","16.124516"],["45","51","46.179020"],["51","46","35.870705"],["46","45","20.591261"],["30","53","86.664803"],["53","35","69.013527"],["35","30","40.012497"],["5","4","30.016663"],["4","9","85.632935"],["6","5","28.442924"],["8","6","44.922153"],["7","6","26.248810"],["8","7","26.925823"],["28","52","63.976215"],["52","50","72.201538"],["50","28","85.434593"],["21","16","70.880180"],["16","10","77.077881"],["10","21","50.089920"],["14","13","21.377558"],["13","12","28.231188"],["12","14","31.622776"],["16","11","65.764732"],["11","10","28.844410"],["11","15","52.554733"],["15","12","43.829212"],["12","11","29.410883"],["15","14","26.476404"],["16","15","27.073973"],["9","22","54.083271"],["22","10","53.225933"],["10","9","26.683329"],["20","17","51.351727"],["17","16","27.892651"],["16","20","55.000000"],["27","52","57.704956"],["28","27","24.186773"],["17","19","34.205261"],["19","18","27.166155"],["18","17","24.000000"],["20","19","28.301943"],["21","20","27.294687"],["22","21","26.076809"],["52","4","98.706657"],["4","50","93.896317"],["23","22","20.808653"],["22","25","38.483765"],["25","23","33.286633"],["25","24","30.149628"],["24","23","21.095022"],["22","26","54.488529"],["26","25","24.083189"],["53","36","60.817577"],["36","35","29.410883"],["52","9","60.564873"],["27","26","23.021729"],["26","52","57.007645"],["51","48","39.050770"],["48","47","20.615528"],["47","51","35.909328"],["31","30","22.472204"],["30","34","31.144823"],["34","31","35.057095"],["31","33","24.207438"],["33","32","24.515301"],["32","31","25.632011"],["52","22","55.447456"],["34","33","26.248810"],["35","34","27.802877"],["49","48","14.035668"],["3","2","21.587032"],["2","50","81.870003"],["50","3","82.547325"],["53","42","77.515427"],["42","37","76.922035"],["37","53","65.543434"],["42","38","60.406952"],["38","37","28.460499"],["38","40","36.235340"],["40","39","12.165525"],["39","38","28.231188"],["38","41","47.169907"],["41","40","17.262676"],["42","41","26.907248"],["37","36","27.202942"],["53","43","70.017624"],["43","42","28.425341"],["51","1","45.877331"],["1","0","20.124611"],["50","51","78.944000"],["51","53","87.053413"],["53","50","77.697777"],["30","50","84.377663"],["50","29","81.906189"],["29","28","30.149628"],["47","46","19.235384"],["51","2","53.760715"],["2","1","18.439089"],["45","53","69.784454"],["30","29","27.018513"],["4","3","27.166155"],["53","44","66.359398"],["44","43","27.202942"],["45","44","29.068884"]],"edge_to_tri":[[0],[0,5],[0,4],[1,34],[1,43],[1],[2,50],[2,48],[2],[3,46],[3,25],[3,33],[4],[4,26],[5],[5,6],[6],[6],[7,16],[7,21],[7,47],[8,19],[8,10],[8,20],[9],[9],[9,12],[10,13],[10],[11,13],[11,12],[11],[12],[13],[14,31],[14,20],[14],[15,18],[15],[15,19],[16,27],[16],[17,18],[17],[17],[18],[19],[20],[21,26],[21,52],[22],[22,24],[22,23],[23],[23],[24,44],[24],[25,41],[25],[26,31],[27],[27,44],[28,34],[28],[28,48],[29],[29,33],[29,32],[30,32],[30],[30],[31,44],[32],[33],[34],[35],[35,53],[35,52],[36,42],[36,37],[36,41],[37,40],[37],[38,39],[38],[38],[39,40],[39],[40],[41],[42,54],[42],[43,49],[43],[45,53],[45,50],[45,46],[46,51],[47,51],[47],[48],[49,53],[49],[50,55],[51],[52],[54,55],[54],[55]],"face_indice":[[9,8,5,0,1,2],[49,51,0,3,4,5],[45,51,46,6,7,8],[30,53,35,9,10,11],[9,5,4,2,12,13],[6,5,8,14,1,15],[7,6,8,16,15,17],[28,52,50,18,19,20],[21,16,10,21,22,23],[14,13,12,24,25,26],[10,16,11,22,27,28],[11,15,12,29,30,31],[15,14,12,32,26,30],[16,15,11,33,29,27],[9,22,10,34,35,36],[20,17,16,37,38,39],[27,52,28,40,18,41],[17,19,18,42,43,44],[17,20,19,37,45,42],[16,21,20,21,46,39],[21,10,22,23,35,47],[50,52,4,19,48,49],[23,22,25,50,51,52],[23,25,24,52,53,54],[22,26,25,55,56,51],[35,53,36,10,57,58],[52,9,4,59,13,48],[27,26,52,60,61,40],[51,48,47,62,63,64],[31,30,34,65,66,67],[31,33,32,68,69,70],[52,22,9,71,34,59],[31,34,33,67,72,68],[30,35,34,11,73,66],[48,51,49,62,3,74],[3,2,50,75,76,77],[53,42,37,78,79,80],[37,42,38,79,81,82],[38,40,39,83,84,85],[38,41,40,86,87,83],[38,42,41,81,88,86],[37,36,53,89,57,80],[42,53,43,78,90,91],[0,51,1,4,92,93],[52,26,22,61,55,71],[50,51,53,94,95,96],[53,30,50,9,97,96],[28,50,29,20,98,99],[47,46,51,100,7,64],[51,2,1,101,102,92],[53,51,45,95,6,103],[29,50,30,98,97,104],[50,4,3,49,105,77],[50,2,51,76,101,94],[43,53,44,90,106,107],[53,45,44,103,108,106]],"face_number":56,"img_height":244,"img_path":".\\image\\005.png","img_width":415,"indices":[9,8,5,49,51,0,45,51,46,30,53,35,9,5,4,6,5,8,7,6,8,28,52,50,21,16,10,14,13,12,10,16,11,11,15,12,15,14,12,16,15,11,9,22,10,20,17,16,27,52,28,17,19,18,17,20,19,16,21,20,21,10,22,50,52,4,23,22,25,23,25,24,22,26,25,35,53,36,52,9,4,27,26,52,51,48,47,31,30,34,31,33,32,52,22,9,31,34,33,30,35,34,48,51,49,3,2,50,53,42,37,37,42,38,38,40,39,38,41,40,38,42,41,37,36,53,42,53,43,0,51,1,52,26,22,50,51,53,53,30,50,28,50,29,47,46,51,51,2,1,53,51,45,29,50,30,50,4,3,50,2,51,43,53,44,53,45,44],"negative_edge":[["24","18","87.143562"],["5","1","93.941475"],["1","5","93.941475"],["5","0","113.507706"],["0","6","141.890808"],["6","13","102.181213"],["13","0","244.049179"],["0","5","113.507706"],["6","0","141.890808"],["13","7","80.099937"],["13","6","102.181213"],["7","13","80.099937"],["17","14","80.000000"],["26","32","93.477272"],["32","24","143.293411"],["32","26","93.477272"],["37","34","81.006172"],["24","32","143.293411"],["32","18","228.877701"],["18","24","87.143562"],["39","33","162.825058"],["33","38","134.718231"],["34","37","81.006172"],["37","33","106.850365"],["38","33","134.718231"],["33","37","106.850365"],["47","43","92.655273"]],