{"auxiliary_edge":[["5","3","105.042847"],["4","6","103.484299"],["4","2","102.107788"],["6","14","227.635681"],["48","7","222.444580"],["13","5","232.594070"],["3","44","171.093536"],["6","12","189.528366"],["7","11","150.903946"],["8","13","174.957138"],["8","10","92.633690"],["9","12","124.064499"],["48","1","175.620789"],["2","43","171.189957"],["44","23","232.361786"],["16","14","96.932968"],["15","21","140.801285"],["21","23","98.412399"],["22","16","135.340317"],["48","20","196.981964"],["17","21","98.994949"],["16","18","100.498756"],["17","19","69.835518"],["15","13","99.985001"],["45","2","97.329338"],["44","46","101.710373"],["25","41","155.653458"],["26","30","90.138779"],["27","32","83.868942"],["23","41","183.002731"],["24","43","198.861755"],["27","29","95.341492"],["28","31","67.067131"],["31","41","120.503113"],["32","24","151.822266"],["26","40","127.534309"],["33","40","77.233414"],["38","36","52.086468"],["37","35","94.254974"],["36","40","58.249462"],["35","41","65.115280"],["32","39","112.160599"],["26","42","151.082764"],["22","43","234.008545"],["42","48","242.024185"],["1","47","93.193344"],["0","45","80.454956"]],"avg_edge_length":82.84986114501953,"bounding_box":[36.0,8.0,658.0,484.0],"centroid":[363.7982177734375,254.82936096191406],"centroid_tri_idx":46,"edge_list":[["5","4","53.009434"],["4","48","147.488876"],["48","5","166.973145"],["4","3","52.153618"],["3","48","140.672485"],["48","13","205.074448"],["13","6","205.360657"],["6","48","191.300354"],["3","2","50.219517"],["2","48","144.932068"],["13","7","187.267181"],["7","6","49.030602"],["12","8","138.000000"],["8","7","49.648766"],["7","12","161.012421"],["11","9","86.145226"],["9","8","49.193497"],["8","11","114.825958"],["11","10","50.774010"],["10","9","48.301140"],["2","44","122.118797"],["44","48","189.048309"],["12","11","49.203659"],["13","12","49.578220"],["44","43","50.249378"],["43","48","215.293045"],["15","48","158.075073"],["48","16","144.437378"],["16","15","47.434166"],["48","22","164.156342"],["22","21","49.335587"],["21","48","165.093613"],["21","16","93.407707"],["17","16","49.244289"],["16","20","83.600243"],["20","17","63.890530"],["20","18","68.476273"],["18","17","52.009613"],["20","19","49.929951"],["19","18","34.205261"],["21","20","49.578220"],["15","14","49.658836"],["14","48","180.154068"],["6","5","50.803543"],["45","44","50.219517"],["44","1","99.704567"],["1","45","63.568859"],["25","24","34.713108"],["24","26","64.070274"],["26","25","50.219517"],["31","27","42.544094"],["27","26","36.235340"],["26","31","67.268120"],["42","24","168.751297"],["24","23","52.086468"],["23","42","193.499359"],["30","28","27.313000"],["28","27","48.703182"],["27","30","53.907330"],["29","28","47.010635"],["30","29","52.038448"],["31","30","52.038448"],["26","32","91.241440"],["32","31","50.000000"],["26","41","113.322548"],["41","32","83.600243"],["33","32","42.485291"],["32","35","56.753853"],["35","33","43.266617"],["37","39","48.836460"],["39","38","49.739319"],["38","37","14.866069"],["37","36","44.271889"],["36","39","23.769728"],["35","39","57.558666"],["36","35","50.000000"],["32","40","72.801102"],["40","35","37.161808"],["40","39","49.396355"],["24","41","146.863876"],["41","40","30.149628"],["23","22","51.351727"],["48","23","196.229507"],["42","41","49.396355"],["23","43","212.473526"],["43","42","50.803543"],["2","1","39.217342"],["1","0","49.979996"],["0","46","44.944408"],["46","1","66.648331"],["46","45","52.009613"],["0","47","46.010868"],["47","46","47.675991"],["14","13","50.803543"]],"edge_to_tri":[[0],[0,1],[0,20],[1],[1,3],[2,45],[2,4],[2,20],[3],[3,8],[4,10],[4],[5,9],[5],[5,10],[6,7],[6],[6,9],[7],[7],[8,41],[8,11],[9],[10],[11],[11,46],[12,19],[12,14],[12],[13,38],[13],[13,14],[14,18],[15],[15,18],[15,16],[16,17],[16],[17],[17],[18],[19],[19,45],[20],[21],[21,41],[21,43],[22],[22,36],[22],[23,27],[23],[23,28],[24,39],[24],[24,40],[25,26],[25],[25,27],[26],[26],[27],[28,29],[28],[29,36],[29,37],[30],[30,34],[30],[31,32],[31],[31],[32],[32,33],[33,35],[33],[34,37],[34,35],[35],[36,39],[37],[38],[38,46],[39],[40,46],[40],[41],[42],[42,44],[42,43],[43],[44],[44],[45]],"face_indice":[[5,4,48,0,1,2],[48,4,3,1,3,4],[48,13,6,5,6,7],[3,2,48,8,9,4],[13,7,6,10,11,6],[12,8,7,12,13,14],[11,9,8,15,16,17],[11,10,9,18,19,15],[48,2,44,9,20,21],[8,12,11,12,22,17],[7,13,12,10,23,14],[48,44,43,21,24,25],[15,48,16,26,27,28],[48,22,21,29,30,31],[16,48,21,27,31,32],[17,16,20,33,34,35],[17,20,18,35,36,37],[18,20,19,36,38,39],[20,16,21,34,32,40],[48,15,14,26,41,42],[48,6,5,7,43,2],[45,44,1,44,45,46],[25,24,26,47,48,49],[31,27,26,50,51,52],[42,24,23,53,54,55],[30,28,27,56,57,58],[29,28,30,59,56,60],[30,27,31,58,50,61],[31,26,32,52,62,63],[32,26,41,62,64,65],[33,32,35,66,67,68],[37,39,38,69,70,71],[37,36,39,72,73,69],[35,39,36,74,73,75],[35,32,40,67,76,77],[35,40,39,77,78,74],[26,24,41,48,79,64],[32,41,40,65,80,76],[23,22,48,81,29,82],[41,24,42,79,53,83],[42,23,43,55,84,85],[1,44,2,45,20,86],[1,0,46,87,88,89],[46,45,1,90,46,89],[46,0,47,88,91,92],[13,48,14,5,42,93],[48,43,23,25,84,82]],"face_number":47,"img_height":500,"img_path":".\\image\\008.png","img_width":700,"indices":[5,4,48,48,4,3,48,13,6,3,2,48,13,7,6,12,8,7,11,9,8,11,10,9,48,2,44,8,12,11,7,13,12,48,44,43,15,48,16,48,22,21,16,48,21,17,16,20,17,20,18,18,20,19,20,16,21,48,15,14,48,6,5,45,44,1,25,24,26,31,27,26,42,24,23,30,28,27,29,28,30,30,27,31,31,26,32,32,26,41,33,32,35,37,39,38,37,36,39,35,39,36,35,32,40,35,40,39,26,24,41,32,41,40,23,22,48,41,24,42,42,23,43,1,44,2,1,0,46,46,45,1,46,0,47,13,48,14,48,43,23],"negative_edge":[["13","18","205.419083"],["18","12","254.096436"],["4","0","161.400131"],["0","4","161.400131"],["4","47","203.708130"],["5","47","253.954727"],["47","4","203.708130"],["6","47","304.401062"],["47","5","253.954727"],["7","47","353.293091"],["47","6","304.401062"],["14","18","157.784668"],["18","13","205.419083"],["18","14","157.784668"],["12","18","254.096436"],["18","11","302.076141"],["23","19","182.482880"],["19","23","182.482880"],["25","19","243.298172"],["19","25","243.298172"],["29","19","345.978333"],["33","29","178.731644"],["38","47","262.611877"],["47","37","277.477936"],["45","38","200.771011"],["38","46","226.927307"],["47","38","262.611877"],["38","45","200.771011"],["46","38","226.927307"]],