{"auxiliary_edge":[["5","7","105.475113"],["6","41","197.458328"],["1","39","84.403793"],["0","2","73.246162"],["23","28","172.002914"],["24","41","213.365906"],["30","28","100.424103"],["29","31","101.833199"],["23","21","108.466583"],["22","40","245.448929"],["13","10","142.045761"],["12","17","172.513763"],["17","8","193.662079"],["9","18","192.898941"],["41","13","265.355103"],["11","9","101.533249"],["3","37","219.428802"],["2","41","229.958481"],["9","14","206.312866"],["13","16","122.147453"],["1","37","145.248062"],["15","17","100.404182"],["19","41","202.274536"],["17","20","114.546936"],["23","3","330.578278"],["35","30","208.540161"],["31","36","216.453232"],["40","34","213.994385"],["19","21","108.074051"],["20","41","198.204422"],["22","18","172.939301"],["17","21","155.270737"],["29","24","179.922211"],["40","27","205.803970"],["25","28","128.693436"],["24","26","94.413979"],["35","37","103.788246"],["8","4","181.176712"],["5","9","165.342072"],["40","4","264.136841"],["32","35","143.031464"],["31","33","103.585716"],["38","40","205.739090"],["36","2","210.059509"],["5","3","113.441612"]],"avg_edge_length":104.88391876220703,"bounding_box":[8.0,4.0,686.0,491.0],"centroid":[346.43359375,226.8817596435547],"centroid_tri_idx":30,"edge_list":[["8","6","101.271912"],["6","5","53.254108"],["5","8","143.178207"],["1","0","34.828148"],["0","38","83.150467"],["38","1","111.305885"],["40","24","195.332062"],["24","23","47.127487"],["23","40","196.430298"],["30","29","51.739735"],["29","40","170.956085"],["40","30","183.386948"],["22","41","172.783722"],["41","23","170.588120"],["23","22","53.413483"],["8","7","53.150730"],["7","6","55.072678"],["13","12","55.108982"],["12","9","135.092560"],["9","13","167.800476"],["9","41","161.802902"],["41","17","176.464371"],["17","9","184.176544"],["12","11","55.578773"],["11","10","51.623638"],["10","12","97.097885"],["10","9","53.084839"],["2","40","187.407211"],["40","3","217.773972"],["3","2","55.731499"],["17","13","139.176147"],["17","14","117.515953"],["14","13","54.405884"],["38","2","139.086304"],["2","1","39.824615"],["14","16","82.219215"],["16","15","48.466484"],["15","14","55.000000"],["17","16","53.758720"],["17","18","22.203604"],["18","19","53.758720"],["19","17","66.610809"],["41","40","212.317154"],["31","40","202.741272"],["40","35","193.845779"],["35","31","177.881989"],["18","20","95.131485"],["20","19","56.885849"],["18","21","133.544006"],["21","20","53.851646"],["21","41","185.733337"],["22","21","55.226807"],["41","18","165.328629"],["29","28","48.826221"],["28","40","168.006317"],["28","24","132.257324"],["25","24","55.803226"],["24","27","113.004425"],["27","25","91.301697"],["27","26","53.254108"],["26","25","50.000000"],["28","27","48.270073"],["40","36","179.172943"],["36","35","52.325901"],["5","41","203.037125"],["41","8","144.824097"],["41","3","204.086090"],["31","30","50.249378"],["31","34","142.126709"],["34","32","98.671173"],["32","31","53.665630"],["34","33","50.219517"],["33","32","53.009434"],["35","34","51.865211"],["9","8","26.419689"],["38","37","49.517673"],["37","2","163.783386"],["0","39","49.648766"],["39","38","53.413483"],["40","37","177.276047"],["37","36","51.478149"],["4","41","200.605667"],["5","4","55.901699"],["4","3","58.000000"]],"edge_to_tri":[[0,5],[0],[0,29],[1],[1,38],[1,13],[2,24],[2],[2,17],[3],[3,23],[3,31],[4,21],[4,17],[4],[5],[5],[6],[6,9],[6,11],[7,35],[7,22],[7,11],[8],[8],[8,9],[9],[10,40],[10,30],[10],[11,12],[12,15],[12],[13,37],[13],[14,15],[14],[14],[15],[16,22],[16,19],[16],[17,30],[18,31],[18,28],[18,34],[19,20],[19],[20,36],[20],[21,36],[21],[22,36],[23],[23,24],[24,27],[25],[25,27],[25,26],[26],[26],[27],[28,39],[28],[29,41],[29,35],[30,42],[31],[32,34],[32,33],[32],[33],[33],[34],[35],[37],[37,40],[38],[38],[39,40],[39],[41,42],[41],[42]],"face_indice":[[8,6,5,0,1,2],[1,0,38,3,4,5],[40,24,23,6,7,8],[30,29,40,9,10,11],[22,41,23,12,13,14],[8,7,6,15,16,0],[13,12,9,17,18,19],[9,41,17,20,21,22],[12,11,10,23,24,25],[9,12,10,18,25,26],[2,40,3,27,28,29],[17,13,9,30,19,22],[17,14,13,31,32,30],[1,38,2,5,33,34],[14,16,15,35,36,37],[14,17,16,31,38,35],[17,18,19,39,40,41],[40,23,41,8,13,42],[31,40,35,43,44,45],[18,20,19,46,47,40],[18,21,20,48,49,46],[21,41,22,50,12,51],[17,41,18,21,52,39],[40,29,28,10,53,54],[28,24,40,55,6,54],[25,24,27,56,57,58],[25,27,26,58,59,60],[24,28,27,55,61,57],[40,36,35,62,63,44],[8,5,41,2,64,65],[40,41,3,42,66,28],[40,31,30,43,67,11],[31,34,32,68,69,70],[32,34,33,69,71,72],[31,35,34,45,73,68],[8,41,9,65,20,74],[18,41,21,52,50,48],[2,38,37,33,75,76],[38,0,39,4,77,78],[36,40,37,62,79,80],[40,2,37,27,76,79],[4,41,5,81,64,82],[4,3,41,83,66,81]],"face_number":43,"img_height":500,"img_path":".\\image\\009.png","img_width":700,"indices":[8,6,5,1,0,38,40,24,23,30,29,40,22,41,23,8,7,6,13,12,9,9,41,17,12,11,10,9,12,10,2,40,3,17,13,9,17,14,13,1,38,2,14,16,15,14,17,16,17,18,19,40,23,41,31,40,35,18,20,19,18,21,20,21,41,22,17,41,18,40,29,28,28,24,40,25,24,27,25,27,26,24,28,27,40,36,35,8,5,41,40,41,3,40,31,30,31,34,32,32,34,33,31,35,34,8,41,9,18,41,21,2,38,37,38,0,39,36,40,37,40,2,37,4,41,5,4,3,41],"negative_edge":[["5","0","227.094696"],["11","6","197.344879"],["25","20","219.658829"],["30","26","194.445358"],["26","20","269.536652"],["20","25","219.658829"],["31","26","244.573105"],["26","30","194.445358"],["0","5","227.094696"],["5","39","275.392456"],["39","35","204.129868"]],"norm_from_centroidArray":[[-0.2202129065990448,0.9754518270492554],[-0.12423007935285568,0.9922534227371216],[-0.04575733840465546,0.9989525675773621],[0.25698357820510864,0.9664158225059509],[0.5126757025718689,0.8585823774337769],[0.6949142813682556,0.719092607498169],[0.8331682682037354,0.553019642829895],[0.9354515075683594,0.35345515608787537],[0.9874493479728699,0.1579362004995346],[0.995868444442749,0.09080753475427628],[0.9979144930839539,0.06454850733280182],[0.9997307062149048,-0.023204997181892395],[0.9840250611305237,-0.17802993953227997],[0.9446576237678528,-0.32805782556533813],[0.8847331404685974,-0.46609777212142944],[0.8037314414978027,-0.5949922204017639],[0.779568076133728,-0.62631756067276],[0.7901936173439026,-0.6128573417663574],[0.7484535574913025,-0.6631872057914734],[0.6134050488471985,-0.7897683382034302],[0.43950706720352173,-0.8982391953468323],[0.26256170868873596,-0.9649152755737305],[0.053402625024318695,-0.9985730648040771],[-0.21702881157398224,-0.9761651754379272],[-0.43588680028915405,-0.9000014662742615],[-0.4744749665260315,-0.8802689909934998],[-0.6165259480476379,-0.7873346209526062],[-0.7638891935348511,-0.6453474760055542],[-0.8705110549926758,-0.4921489655971527],[-0.9421669244766235,-0.3351437449455261],[-0.9833136200904846,-0.1819184422492981],[-0.9988819360733032,-0.04727586731314659],[-0.9952460527420044,0.09739221632480621],[-0.9689417481422424,0.24728883802890778],[-0.9245554208755493,0.3810475468635559],[-0.8619614839553833,0.506973922252655],[-0.7732630968093872,0.6340852975845337],[-0.650580644607544,0.7594372034072876],[-0.503045916557312,0.8642597198486328],[-0.33422330021858215,0.9424939155578613]],"rotate_array":[[0.0,0.0],[0.0,0.0],[0.0,0.0],[0.0,0.0],[0.0,0.0],[0.0,0.0],[0.0,0.0],[0.0,0.0],[0.0,0.0],[0.0,0.0],[0.0,0.0],[0.0,0.0],[0.0,0.0],[0.0,0.0],[0.0,0.0],[0.0,0.0],[0.0,0.0],[0.0,0.0],[0.0,0.0],[0.0,0.0],[0.0,0.0],[0.0,0.0],[0.0,0.0],[0.0,0.0],[0.0,0.0],[0.0,0.0],[0.0,0.0],[0.0,0.0],[0.0,0.0],[0.0,0.0],[0.0,0.0],[0.0,0.0],[0.0,0.0],[0.0,0.0],[0.0,0.0],[0.0,0.0],[0.0,0.0],[0.0,0.0],[0.0,0.0],[0.0,0.0]],