{"auxiliary_edge":[["2","40","174.364777"],["23","41","227.675766"],["22","24","84.599052"],["22","20","104.235313"],["21","40","212.359634"],["37","1","131.939377"],["38","36","117.902504"],["8","41","169.887009"],["35","25","210.401993"],["26","36","222.497192"],["40","27","231.095657"],["8","10","65.375839"],["9","41","165.386673"],["6","40","207.714172"],["5","7","48.795490"],["40","21","212.359634"],["23","25","90.426765"],["13","11","100.304535"],["12","17","193.507111"],["21","19","103.077644"],["20","18","92.200867"],["14","17","130.969467"],["13","15","108.258949"],["16","41","194.081635"],["18","13","195.923462"],["17","19","90.426765"],["26","24","87.458565"],["10","6","78.714676"],["7","11","119.970833"],["3","5","74.652527"],["4","1","104.890419"],["37","35","113.017700"],["3","38","143.031464"],["4","41","199.024155"],["34","29","164.149323"],["33","27","154.987091"],["26","34","180.601776"],["28","35","180.546387"],["28","32","121.078484"],["30","33","127.882759"],["29","31","89.888817"],["0","38","104.086502"],["10","12","106.470650"],["22","5","316.494873"],["39","40","186.627670"]],"avg_edge_length":97.52379608154297,"bounding_box":[15.0,13.0,675.0,483.0],"centroid":[409.5328063964844,267.656005859375],"centroid_tri_idx":38,"edge_list":[["1","3","69.634758"],["3","2","21.540659"],["2","1","52.924473"],["23","22","40.249222"],["22","40","181.871994"],["40","23","178.603180"],["21","41","169.364136"],["41","22","195.091400"],["22","21","55.226807"],["40","38","168.567291"],["38","37","62.008064"],["37","40","172.940933"],["5","6","31.144823"],["6","8","29.427877"],["8","5","57.306194"],["26","40","189.677734"],["40","35","179.469070"],["35","26","178.465683"],["7","9","36.400551"],["9","8","26.907248"],["8","7","17.464249"],["7","10","62.393909"],["10","9","46.324940"],["5","41","174.856125"],["41","6","160.142792"],["24","23","44.418465"],["40","24","181.880600"],["12","41","152.754379"],["41","13","172.426102"],["13","12","54.230988"],["20","41","134.607010"],["21","20","52.392746"],["19","41","131.672424"],["20","19","52.153618"],["13","16","136.821045"],["16","14","92.439171"],["14","13","60.207973"],["16","15","62.032249"],["15","14","49.040798"],["13","17","160.897476"],["17","16","50.596443"],["17","41","165.802292"],["41","18","148.949066"],["18","17","51.865211"],["19","18","40.360870"],["26","25","41.340054"],["25","40","185.745026"],["24","21","138.956833"],["21","23","94.625580"],["7","41","155.440247"],["41","10","126.985039"],["40","4","174.157593"],["4","3","36.400551"],["3","40","168.451523"],["37","36","58.600342"],["36","40","172.778183"],["1","40","157.899338"],["40","5","189.853516"],["5","4","38.288380"],["34","33","65.030762"],["33","28","123.405838"],["28","34","145.773804"],["27","26","56.824291"],["35","27","170.672195"],["28","27","55.946404"],["27","34","154.207657"],["29","28","56.080299"],["33","29","119.364990"],["30","29","51.865211"],["29","32","91.197586"],["32","30","79.025314"],["31","30","47.265209"],["32","31","56.044624"],["33","32","57.070133"],["35","34","59.135437"],["7","6","17.691807"],["25","24","46.669048"],["1","0","41.146080"],["0","39","47.539455"],["39","1","36.674240"],["11","10","57.584721"],["41","11","123.676727"],["41","40","193.735992"],["38","1","73.790245"],["39","38","59.076221"],["36","35","55.000000"],["12","11","50.000000"]],"edge_to_tri":[[0,24],[0],[0],[1],[1,38],[1,9],[2,11],[2,38],[2],[3,43],[3],[3,22],[4,8],[4],[4],[5,18],[5,40],[5,27],[6,7],[6],[6],[7,20],[7],[8,41],[8,34],[9,19],[9,35],[10,42],[10,23],[10],[11,12],[11],[12,17],[12],[13,15],[13,14],[13],[14],[14],[15,23],[15],[16,23],[16,17],[16],[17],[18],[18,35],[19],[19],[20,34],[20,37],[21,25],[21],[21,24],[22],[22,40],[24,43],[25,41],[25],[26],[26,29],[26,28],[27],[27,33],[28],[28,33],[29],[29,32],[30],[30,32],[30,31],[31],[31],[32],[33],[34],[35],[36],[36],[36,39],[37],[37,42],[38,41],[39,43],[39],[40],[42]],"face_indice":[[1,3,2,0,1,2],[23,22,40,3,4,5],[21,41,22,6,7,8],[40,38,37,9,10,11],[5,6,8,12,13,14],[26,40,35,15,16,17],[7,9,8,18,19,20],[7,10,9,21,22,18],[6,5,41,12,23,24],[24,23,40,25,5,26],[12,41,13,27,28,29],[20,41,21,30,6,31],[19,41,20,32,30,33],[13,16,14,34,35,36],[14,16,15,35,37,38],[13,17,16,39,40,34],[17,41,18,41,42,43],[18,41,19,42,32,44],[40,26,25,15,45,46],[23,24,21,25,47,48],[10,7,41,21,49,50],[40,4,3,51,52,53],[37,36,40,54,55,11],[13,41,17,28,41,39],[3,1,40,0,56,53],[40,5,4,57,58,51],[34,33,28,59,60,61],[27,26,35,62,17,63],[28,27,34,64,65,61],[29,28,33,66,60,67],[30,29,32,68,69,70],[31,30,32,71,70,72],[32,29,33,69,67,73],[35,34,27,74,65,63],[6,41,7,24,49,75],[40,25,24,46,76,26],[1,0,39,77,78,79],[11,10,41,80,50,81],[41,40,22,82,4,7],[38,1,39,83,79,84],[35,40,36,16,55,85],[41,5,40,23,57,82],[41,12,11,27,86,81],[40,1,38,56,83,9]],"face_number":44,"img_height":500,"img_path":".\\image\\010.png","img_width":700,"indices":[1,3,2,23,22,40,21,41,22,40,38,37,5,6,8,26,40,35,7,9,8,7,10,9,6,5,41,24,23,40,12,41,13,20,41,21,19,41,20,13,16,14,14,16,15,13,17,16,17,41,18,18,41,19,40,26,25,23,24,21,10,7,41,40,4,3,37,36,40,13,41,17,3,1,40,40,5,4,34,33,28,27,26,35,28,27,34,29,28,33,30,29,32,31,30,32,32,29,33,35,34,27,6,41,7,40,25,24,1,0,39,11,10,41,41,40,22,38,1,39,35,40,36,41,5,40,41,12,11,40,1,38],"negative_edge":[["9","0","212.417038"],["0","8","185.539749"],["8","0","185.539749"],["30","24","302.630127"],["24","29","250.768814"],["29","25","205.009750"],["25","29","205.009750"],["29","24","250.768814"],["33","37","227.984650"],["37","32","284.987732"],["33","36","170.836182"],["37","33","227.984650"],["36","33","170.836182"]],"norm_from_centroidArray":[[0.45003288984298706,0.8930119872093201],[0.331710547208786,0.943381130695343],[0.5705106854438782,0.8212901949882507],[0.6464883685112,0.7629238367080688],[0.7820101976394653,0.6232656240463257],[0.8920629024505615,0.45191121101379395],[0.9498971104621887,0.3125627040863037],[0.9704493880271912,0.24130475521087646],[0.9672349095344543,0.25388303399086],[0.987758457660675,0.15599139034748077],[0.9994240403175354,-0.033936627209186554],[0.9698730111122131,-0.2436109483242035],[0.9381572604179382,-0.3462093472480774],[0.8743677139282227,-0.485263854265213],[0.7874037027359009,-0.6164376139640808],[0.7027583718299866,-0.7114285826683044],[0.5975157618522644,-0.8018571138381958],[0.5141738653182983,-0.8576860427856445],[0.3959854543209076,-0.9182567596435547],[0.322836309671402,-0.9464547634124756],[0.14348316192626953,-0.9896527528762817],[-0.15415030717849731,-0.9880474209785461],[-0.4650443196296692,-0.8852874040603638],[-0.6863165497779846,-0.7273029685020447],[-0.8538900017738342,-0.5204536318778992],[-0.9569166898727417,-0.2903624475002289],[-0.9959480166435242,-0.08993101119995117],[-0.9992766380310059,0.03802845999598503],[-0.9924727082252502,0.1224665716290474],[-0.9865831732749939,0.16325905919075012],[-0.9763031005859375,0.21640771627426147],[-0.9473544955253601,0.3201863765716553],[-0.9167880415916443,0.3993741571903229],[-0.8724986910820007,0.48861652612686157],[-0.8057862520217896,0.592206597328186],[-0.7141642570495605,0.6999781727790833],[-0.5221397280693054,0.8528599739074707],[-0.2829710841178894,0.9591284990310669],[-0.0070848651230335236,0.9999749660491943],[0.2534417510032654,0.9673506617546082]],"rotate_array":[[0.0,0.0],[0.0,0.0],[0.0,0.0],[0.0,0.0],[0.0,0.0],[0.0,0.0],[0.0,0.0],[0.0,0.0],[0.0,0.0],[0.0,0.0],[0.0,0.0],[0.0,0.0],[0.0,0.0],[0.0,0.0],[0.0,0.0],[0.0,0.0],[0.0,0.0],[0.0,0.0],[0.0,0.0],[0.0,0.0],[0.0,0.0],[0.0,0.0],[0.0,0.0],[0.0,0.0],[0.0,0.0],[0.0,0.0],[0.0,0.0],[0.0,0.0],[0.0,0.0],[0.0,0.0],[0.0,0.0],[0.0,0.0],[0.0,0.0],[0.0,0.0],[0.0,0.0],[0.0,0.0],[0.0,0.0],[0.0,0.0],[0.0,0.0],[0.0,0.0]],