{"auxiliary_edge":[["2","5","171.143219"],["1","3","115.108643"],["43","6","243.731415"],["42","44","90.426765"],["4","6","130.207520"],["5","42","244.624207"],["37","40","165.846313"],["7","49","217.059555"],["6","10","89.894379"],["45","11","52.153618"],["7","47","66.878159"],["9","45","62.817196"],["16","24","184.219971"],["18","46","137.241714"],["12","49","195.283081"],["11","48","70.936592"],["16","14","83.815269"],["49","15","143.303802"],["39","6","268.061554"],["49","41","188.765472"],["40","38","106.929886"],["19","24","113.701363"],["20","49","199.560654"],["18","22","134.350296"],["21","24","77.414467"],["20","23","87.817993"],["25","49","231.672607"],["24","33","129.468140"],["26","34","145.000000"],["25","32","132.593369"],["27","29","95.036835"],["30","26","142.835571"],["28","32","127.200630"],["28","32","127.200630"],["29","33","135.340317"],["26","30","142.835571"],["29","31","101.000000"],["39","37","120.933868"],["24","36","150.332962"],["34","18","196.900986"],["36","38","109.000000"],["37","34","112.160599"],["6","14","159.906219"],["11","40","253.023712"],["0","43","49.040798"],["41","49","188.765472"],["40","42","70.767227"],["6","39","268.061554"],["1","41","160.461838"],["46","11","77.733437"],["8","10","54.378304"],["13","14","48.662102"]],"avg_edge_length":83.94589233398438,"bounding_box":[9.0,15.0,674.0,451.0],"centroid":[384.2247314453125,247.59547424316406],"centroid_tri_idx":49,"edge_list":[["1","4","157.724442"],["4","2","120.747673"],["2","1","60.008331"],["4","3","72.173401"],["3","2","60.802959"],["42","1","122.122887"],["1","43","72.111023"],["43","42","59.548298"],["1","5","190.968582"],["5","4","66.708321"],["1","6","217.175049"],["6","5","66.603302"],["37","39","120.933868"],["39","41","71.847061"],["41","37","191.887985"],["7","6","58.821766"],["6","11","109.808922"],["11","7","57.982758"],["7","10","33.241539"],["10","45","28.231188"],["45","7","35.128338"],["9","8","31.622776"],["8","47","23.375330"],["47","9","31.622768"],["11","10","26.925823"],["49","18","137.469574"],["18","16","75.026665"],["16","49","113.003838"],["12","11","71.063354"],["11","14","54.625999"],["14","12","57.428215"],["46","49","138.274277"],["16","46","62.890022"],["49","40","160.545990"],["40","39","44.944408"],["39","49","141.801941"],["19","18","66.843102"],["18","20","77.175125"],["20","19","26.832815"],["18","24","119.549156"],["24","20","89.888817"],["21","20","56.008926"],["20","22","70.213959"],["22","21","24.596748"],["24","22","58.189346"],["24","23","42.520584"],["23","22","24.698177"],["25","24","71.589104"],["24","34","100.568382"],["34","25","88.141930"],["26","25","70.880180"],["25","33","86.700638"],["33","26","120.353645"],["27","26","63.906181"],["26","28","81.024689"],["28","27","56.753853"],["28","29","39.000000"],["29","30","47.265209"],["30","28","86.145226"],["26","29","103.247276"],["26","32","135.014816"],["32","29","98.716766"],["32","30","82.565125"],["32","31","66.573265"],["31","30","57.697487"],["33","32","62.177166"],["39","38","62.177166"],["38","49","130.082794"],["34","33","48.373547"],["49","34","179.472061"],["24","49","175.986450"],["49","37","153.223724"],["37","36","53.907330"],["36","49","165.000397"],["49","11","175.896240"],["6","49","235.518845"],["44","1","50.566788"],["1","0","33.421551"],["0","44","20.000000"],["38","37","59.135437"],["40","6","238.606369"],["6","41","239.434753"],["41","40","30.232433"],["36","34","59.615433"],["42","6","236.129196"],["42","41","41.109608"],["44","43","31.064449"],["46","14","24.331043"],["14","49","140.565018"],["16","15","38.910152"],["15","46","38.605431"],["8","45","35.128338"],["45","47","35.714806"],["10","47","41.212662"],["13","12","41.012192"],["12","48","43.566040"],["48","13","24.331051"],["14","48","24.331051"]],"edge_to_tri":[[0,3],[0,1],[0],[1],[1],[2,38],[2,41],[2],[3,4],[3],[4,38],[4],[5],[5,39],[5],[6],[6,32],[6,9],[7,9],[7,45],[7],[8],[8,44],[8],[9],[10,33],[10],[10,12],[11],[11,48],[11,47],[12,42],[12,43],[13,49],[13,39],[13,28],[14],[14,15],[14],[15,33],[15,17],[16],[16,17],[16],[17,18],[18],[18],[19],[19,30],[19,29],[20],[20,29],[20,27],[21],[21,23],[21],[22,23],[22,25],[22],[23,24],[24,27],[24,25],[25,26],[26],[26],[27],[28],[28,35],[29],[30,37],[30,33],[31,35],[31],[31,37],[32,48],[32,49],[34,41],[34],[34],[35],[36,49],[36,40],[36,39],[37],[38,40],[40],[41],[42],[42,48],[43],[43],[44],[44,45],[45],[46],[46,47],[46],[47]],"face_indice":[[1,4,2,0,1,2],[2,4,3,1,3,4],[42,1,43,5,6,7],[4,1,5,0,8,9],[5,1,6,8,10,11],[37,39,41,12,13,14],[7,6,11,15,16,17],[7,10,45,18,19,20],[9,8,47,21,22,23],[10,7,11,18,17,24],[49,18,16,25,26,27],[12,11,14,28,29,30],[46,49,16,31,27,32],[49,40,39,33,34,35],[19,18,20,36,37,38],[20,18,24,37,39,40],[21,20,22,41,42,43],[22,20,24,42,40,44],[22,24,23,44,45,46],[25,24,34,47,48,49],[26,25,33,50,51,52],[27,26,28,53,54,55],[28,29,30,56,57,58],[28,26,29,54,59,56],[29,26,32,59,60,61],[30,29,32,57,61,62],[30,32,31,62,63,64],[26,33,32,52,65,60],[39,38,49,66,67,35],[25,34,33,49,68,51],[49,34,24,69,48,70],[49,37,36,71,72,73],[49,11,6,74,16,75],[24,18,49,39,25,70],[44,1,0,76,77,78],[49,38,37,67,79,71],[40,6,41,80,81,82],[49,36,34,73,83,69],[6,1,42,10,5,84],[39,40,41,34,82,13],[41,6,42,81,84,85],[43,1,44,6,76,86],[49,46,14,31,87,88],[16,15,46,89,90,32],[8,45,47,91,92,22],[45,10,47,19,93,92],[13,12,48,94,95,96],[12,14,48,30,97,95],[11,49,14,74,88,29],[40,49,6,33,75,80]],"face_number":50,"img_height":500,"img_path":".\\image\\012.png","img_width":700,"indices":[1,4,2,2,4,3,42,1,43,4,1,5,5,1,6,37,39,41,7,6,11,7,10,45,9,8,47,10,7,11,49,18,16,12,11,14,46,49,16,49,40,39,19,18,20,20,18,24,21,20,22,22,20,24,22,24,23,25,24,34,26,25,33,27,26,28,28,29,30,28,26,29,29,26,32,30,29,32,30,32,31,26,33,32,39,38,49,25,34,33,49,34,24,49,37,36,49,11,6,24,18,49,44,1,0,49,38,37,40,6,41,49,36,34,6,1,42,39,40,41,41,6,42,43,1,44,49,46,14,16,15,46,8,45,47,45,10,47,13,12,48,12,14,48,11,49,14,40,49,6],"negative_edge":[["5","8","180.953033"],["8","4","247.552017"],["8","5","180.953033"],["5","45","149.833237"],["45","5","149.833237"],["19","12","231.896530"],["13","19","192.275848"],["19","13","192.275848"],["15","19","159.539963"],["19","15","159.539963"],["12","19","231.896530"],["19","9","285.271790"],["26","21","148.606857"],["21","26","148.606857"],["27","21","196.468826"],["37","32","172.168518"],["32","37","172.168518"],["37","31","218.435349"],["37","41","191.887985"],["42","37","232.071106"],["37","42","232.071106"],["42","31","441.140564"],["31","37","218.435349"],["31","43","496.758484"],["44","31","527.190674"],["31","42","441.140564"],["43","31","496.758484"]],