{"auxiliary_edge":[["34","36","90.271812"],["35","33","89.442719"],["32","30","88.232651"],["31","53","146.010803"],["8","21","145.416641"],["7","12","128.631256"],["9","13","101.980392"],["8","11","101.019798"],["10","12","80.993828"],["7","5","91.787796"],["6","13","148.003372"],["32","50","120.490715"],["26","52","186.613220"],["7","14","135.148071"],["21","19","90.426765"],["20","13","98.183502"],["6","22","138.740768"],["15","20","82.861328"],["14","16","90.669731"],["15","18","70.000000"],["17","19","87.235313"],["51","5","172.558685"],["25","24","46.754681"],["5","3","83.234612"],["4","25","178.986038"],["21","25","136.330475"],["22","53","169.219391"],["23","51","58.433723"],["34","32","91.214035"],["26","29","65.924202"],["27","31","80.112419"],["25","29","77.665955"],["28","30","71.112587"],["26","25","43.657761"],["41","36","150.213181"],["37","42","162.496155"],["52","40","160.483078"],["4","46","165.710587"],["43","41","89.961105"],["42","44","91.782349"],["32","45","273.239807"],["53","33","187.666306"],["3","45","156.553513"],["53","2","173.947067"],["52","46","184.757904"],["53","44","186.589203"],["38","40","80.056229"],["39","41","88.752464"],["43","45","94.085068"],["48","1","68.680420"],["47","49","88.836929"],["1","3","88.566360"],["2","47","101.518471"],["50","5","187.597443"],["0","46","106.831642"],["37","35","90.520714"]],"avg_edge_length":74.71917724609375,"bounding_box":[7.0,1.0,686.0,498.0],"centroid":[332.0985107421875,225.01734924316406],"centroid_tri_idx":35,"edge_list":[["52","35","120.620232"],["35","34","44.102154"],["34","52","122.898697"],["32","31","44.553337"],["31","26","67.230942"],["26","32","105.513031"],["8","7","47.381432"],["7","13","112.929184"],["13","8","96.301613"],["9","8","45.541191"],["8","12","95.587654"],["12","9","80.280754"],["9","11","65.855904"],["11","10","42.047592"],["10","9","47.042534"],["7","6","47.010635"],["6","21","110.113579"],["21","7","116.811813"],["12","11","45.343136"],["26","53","101.251801"],["53","32","162.052460"],["13","12","44.777225"],["21","13","116.103401"],["20","14","68.410522"],["14","21","98.994949"],["21","20","45.254833"],["6","5","45.354160"],["5","21","130.545013"],["15","14","44.922153"],["14","19","70.802544"],["19","15","56.753853"],["16","15","47.042534"],["19","16","62.433964"],["16","18","41.000000"],["18","17","44.821869"],["17","16","45.607018"],["22","25","98.183502"],["25","51","23.377340"],["51","22","83.297661"],["19","18","43.965897"],["14","13","39.395432"],["20","19","45.793011"],["4","53","130.378006"],["53","5","140.585861"],["5","4","42.426407"],["5","22","146.492325"],["22","21","44.654228"],["5","25","164.304596"],["23","22","45.453274"],["22","24","73.006851"],["24","23","38.470768"],["51","24","23.377340"],["34","33","45.880280"],["33","52","131.762329"],["30","27","62.433964"],["27","26","15.033297"],["26","30","56.920998"],["28","25","38.327538"],["25","27","30.528675"],["27","28","38.013157"],["27","29","60.827625"],["29","28","43.416588"],["30","29","43.566040"],["31","30","44.721359"],["26","50","15.033287"],["50","53","97.539513"],["37","52","146.156067"],["52","41","137.830505"],["41","37","126.491104"],["4","3","42.047592"],["3","53","146.759750"],["42","52","130.229691"],["52","43","130.005417"],["43","42","45.541191"],["53","52","146.267044"],["52","32","147.347610"],["46","53","171.557373"],["3","46","133.461609"],["53","45","161.309189"],["45","52","150.913727"],["38","37","45.453274"],["37","39","78.721024"],["39","38","42.011902"],["37","40","101.000000"],["40","39","45.343136"],["41","40","44.283180"],["52","44","133.741089"],["44","43","47.095646"],["47","0","67.119293"],["0","48","36.221542"],["48","47","45.617977"],["42","41","44.777225"],["46","2","108.074051"],["2","1","44.721359"],["1","46","95.078911"],["50","25","28.624474"],["25","53","96.739273"],["3","2","43.863426"],["47","1","71.175842"],["1","0","44.598206"],["47","46","44.384682"],["0","49","40.261642"],["49","48","43.600460"],["37","36","43.863426"],["36","52","125.854935"],["46","45","36.400551"],["36","35","46.669048"],["45","44","47.010635"],["33","32","45.705578"]],"edge_to_tri":[[0,51],[0],[0,24],[1],[1,29],[1,7],[2],[2,9],[2,8],[3],[3,8],[3,6],[4,6],[4],[4],[5],[5,11],[5,9],[6],[7,30],[7,34],[8],[9,17],[10,18],[10,17],[10],[11],[11,20],[12],[12,18],[12,13],[13],[13,16],[14,16],[14],[14],[15,21],[15],[15,23],[16],[17],[18],[19,32],[19,53],[19],[20,21],[20],[21,53],[22],[22,23],[22],[23],[24],[24,54],[25,28],[25],[25,29],[26],[26],[26,27],[27,28],[27],[28],[29],[30],[30,44],[31,49],[31,42],[31,39],[32],[32,35],[33,42],[33,40],[33],[34,36],[34,54],[35,50],[35,45],[36,50],[36,52],[37],[37,38],[37],[38,39],[38],[39],[40,52],[40],[41,46],[41,48],[41],[42],[43,45],[43],[43,47],[44],[44,53],[45],[46,47],[46],[47],[48],[48],[49],[49,51],[50],[51],[52],[54]],"face_indice":[[52,35,34,0,1,2],[32,31,26,3,4,5],[8,7,13,6,7,8],[9,8,12,9,10,11],[9,11,10,12,13,14],[7,6,21,15,16,17],[9,12,11,11,18,12],[26,53,32,19,20,5],[8,13,12,8,21,10],[7,21,13,17,22,7],[20,14,21,23,24,25],[21,6,5,16,26,27],[15,14,19,28,29,30],[16,15,19,31,30,32],[16,18,17,33,34,35],[22,25,51,36,37,38],[16,19,18,32,39,33],[14,13,21,40,22,24],[19,14,20,29,23,41],[4,53,5,42,43,44],[21,5,22,27,45,46],[22,5,25,45,47,36],[23,22,24,48,49,50],[24,22,51,49,38,51],[34,33,52,52,53,2],[30,27,26,54,55,56],[28,25,27,57,58,59],[28,27,29,59,60,61],[29,27,30,60,54,62],[30,26,31,56,4,63],[26,50,53,64,65,19],[37,52,41,66,67,68],[53,4,3,42,69,70],[42,52,43,71,72,73],[32,53,52,20,74,75],[46,53,3,76,70,77],[52,53,45,74,78,79],[38,37,39,80,81,82],[39,37,40,81,83,84],[37,41,40,68,85,83],[43,52,44,72,86,87],[47,0,48,88,89,90],[52,42,41,71,91,67],[46,2,1,92,93,94],[50,25,53,95,96,65],[3,2,46,97,92,77],[0,47,1,88,98,99],[1,47,46,98,100,94],[48,0,49,89,101,102],[52,37,36,66,103,104],[45,53,46,78,76,105],[36,35,52,106,0,104],[52,45,44,79,107,86],[53,25,5,96,47,43],[52,33,32,53,108,75]],"face_number":55,"img_height":500,"img_path":".\\image\\013.png","img_width":700,"indices":[52,35,34,32,31,26,8,7,13,9,8,12,9,11,10,7,6,21,9,12,11,26,53,32,8,13,12,7,21,13,20,14,21,21,6,5,15,14,19,16,15,19,16,18,17,22,25,51,16,19,18,14,13,21,19,14,20,4,53,5,21,5,22,22,5,25,23,22,24,24,22,51,34,33,52,30,27,26,28,25,27,28,27,29,29,27,30,30,26,31,26,50,53,37,52,41,53,4,3,42,52,43,32,53,52,46,53,3,52,53,45,38,37,39,39,37,40,37,41,40,43,52,44,47,0,48,52,42,41,46,2,1,50,25,53,3,2,46,0,47,1,1,47,46,48,0,49,52,37,36,45,53,46,36,35,52,52,45,44,53,25,5,52,33,32],"negative_edge":[["3","7","160.377686"],["8","3","200.179916"],["0","9","341.140747"],["9","49","372.048370"],["7","3","160.377686"],["23","18","145.031036"],["8","2","233.692108"],["3","8","200.179916"],["9","2","271.016602"],["2","8","233.692108"],["16","12","154.402069"],["2","9","271.016602"],["9","1","306.545258"],["1","9","306.545258"],["9","0","341.140747"],["10","49","411.316193"],["49","9","372.048370"],["12","16","154.402069"],["16","11","196.468826"],["17","11","241.809845"],["11","16","196.468826"],["18","23","145.031036"],["29","18","220.735138"],["18","29","220.735138"],["29","17","253.600082"],["17","29","253.600082"],["30","17","297.121185"],["33","30","133.663757"],["38","35","135.882309"],["43","47","155.206314"],["48","43","193.038849"],["49","42","278.217529"],["43","49","234.616714"],["47","43","155.206314"],["42","49","278.217529"],["49","40","366.694702"],["49","43","234.616714"],["43","48","193.038849"]],