{"auxiliary_edge":[["1","3","68.308128"],["2","4","71.449280"],["3","49","129.541504"],["0","51","173.458466"],["46","44","79.555016"],["45","47","81.584312"],["9","51","153.087387"],["8","10","76.059189"],["43","40","101.414986"],["42","38","117.796432"],["41","39","60.835846"],["8","50","249.943878"],["14","7","191.817627"],["9","11","73.000000"],["10","13","81.706795"],["12","14","55.605755"],["48","4","173.216629"],["49","47","83.486526"],["14","16","80.523285"],["15","51","215.666626"],["5","49","163.975601"],["4","6","76.485291"],["34","28","130.919830"],["33","26","117.153748"],["20","34","148.354309"],["19","25","132.823196"],["21","26","129.468140"],["20","24","106.850365"],["22","24","71.568146"],["23","25","73.109505"],["19","50","178.214951"],["18","34","152.052628"],["26","35","165.084824"],["19","27","160.012497"],["27","32","97.416634"],["29","33","106.066017"],["28","31","78.587532"],["30","32","73.164200"],["38","44","170.950287"],["50","39","159.945816"],["43","37","169.118301"],["46","48","81.884064"],["15","17","84.852814"],["35","17","199.444229"],["18","36","188.679626"],["16","18","89.089844"],["14","44","296.366333"],["5","7","75.802376"],["38","36","71.175842"],["37","35","76.157730"],["6","8","75.604233"],["45","50","181.338120"],["51","43","205.974121"]],"avg_edge_length":83.67704010009766,"bounding_box":[14.0,14.0,664.0,465.0],"centroid":[374.05767822265625,283.9356994628906],"centroid_tri_idx":37,"edge_list":[["1","0","42.579338"],["0","2","71.021126"],["2","1","35.846897"],["0","3","95.671310"],["3","2","34.132095"],["0","4","120.768372"],["4","3","38.600517"],["0","49","46.043457"],["49","4","145.096527"],["46","45","40.792156"],["45","51","153.921570"],["51","46","136.805511"],["8","14","155.618118"],["14","9","129.096863"],["9","8","40.261642"],["43","42","37.656342"],["42","39","91.049438"],["39","43","119.012604"],["42","41","45.044422"],["41","40","31.906113"],["40","42","68.447060"],["51","14","190.784866"],["8","51","125.041595"],["14","10","100.129913"],["10","9","37.202152"],["14","11","73.681747"],["11","10","36.069378"],["11","13","50.249378"],["13","12","28.319605"],["12","11","37.643059"],["14","13","27.459061"],["51","49","148.737473"],["49","48","42.296574"],["48","51","133.058350"],["50","15","157.832520"],["15","14","39.849716"],["14","50","170.548508"],["4","51","158.463425"],["51","5","139.654297"],["5","4","38.483765"],["34","33","44.011364"],["33","27","98.030609"],["27","34","120.253899"],["20","19","37.363083"],["19","26","137.480911"],["26","20","125.399361"],["21","20","41.436699"],["20","25","111.400177"],["25","21","104.560989"],["21","23","67.675697"],["23","22","40.199501"],["22","21","37.576588"],["21","24","86.313385"],["24","23","37.013512"],["19","18","39.204590"],["18","35","166.352036"],["35","19","146.485489"],["25","24","37.589893"],["26","25","36.674240"],["19","34","125.255737"],["34","26","128.156158"],["27","26","34.655445"],["28","27","38.587563"],["33","28","97.082436"],["28","32","80.653580"],["32","29","76.380623"],["29","28","36.400551"],["29","31","54.744862"],["31","30","35.383614"],["30","29","31.764761"],["32","31","44.011364"],["33","32","40.199501"],["50","43","158.775833"],["43","38","140.206985"],["38","50","143.915298"],["51","47","130.643188"],["47","46","40.792156"],["35","34","37.000000"],["16","15","40.792156"],["50","16","150.257935"],["18","50","158.140335"],["50","35","165.662109"],["50","17","149.652664"],["17","16","44.181442"],["51","50","179.319595"],["39","38","33.376640"],["40","39","29.410883"],["51","6","128.581253"],["6","5","38.013157"],["38","37","33.837849"],["37","50","140.431015"],["36","50","151.889847"],["37","36","37.589893"],["51","7","122.450485"],["7","6","38.013157"],["45","44","38.897301"],["44","51","174.112656"],["8","7","37.643059"],["44","50","159.867996"],["48","47","41.194660"],["18","17","45.000000"],["36","35","38.897301"],["44","43","37.013512"]],"edge_to_tri":[[0],[0,1],[0],[1,2],[1],[2,3],[2],[3],[3,45],[4],[4,44],[4,32],[5,8],[5,9],[5],[6],[6,39],[6,38],[7],[7],[7,39],[8,37],[8,46],[9,10],[9],[10,12],[10],[11,12],[11],[11],[12],[13,45],[13],[13,48],[14,34],[14],[14,37],[15,45],[15,40],[15],[16],[16,26],[16,25],[17],[17,24],[17,23],[18],[18,23],[18,22],[19,20],[19],[19],[20,22],[20],[21],[21,35],[21,33],[22],[23],[24,33],[24,25],[25],[26],[26,30],[27,30],[27,29],[27],[28,29],[28],[28],[29],[30],[31,51],[31,38],[31,41],[32,48],[32],[33],[34],[34,36],[35,49],[35,50],[36,49],[36],[37,47],[38],[39],[40,43],[40],[41],[41,42],[42,50],[42],[43,46],[43],[44],[44,47],[46],[47,51],[48],[49],[50],[51]],"face_indice":[[1,0,2,0,1,2],[0,3,2,3,4,1],[0,4,3,5,6,3],[0,49,4,7,8,5],[46,45,51,9,10,11],[8,14,9,12,13,14],[43,42,39,15,16,17],[42,41,40,18,19,20],[51,14,8,21,12,22],[9,14,10,13,23,24],[10,14,11,23,25,26],[11,13,12,27,28,29],[11,14,13,25,30,27],[51,49,48,31,32,33],[50,15,14,34,35,36],[4,51,5,37,38,39],[34,33,27,40,41,42],[20,19,26,43,44,45],[21,20,25,46,47,48],[21,23,22,49,50,51],[21,24,23,52,53,49],[19,18,35,54,55,56],[21,25,24,48,57,52],[20,26,25,45,58,47],[19,34,26,59,60,44],[27,26,34,61,60,42],[28,27,33,62,41,63],[28,32,29,64,65,66],[29,31,30,67,68,69],[29,32,31,65,70,67],[28,33,32,63,71,64],[50,43,38,72,73,74],[51,47,46,75,76,11],[19,35,34,56,77,59],[16,15,50,78,34,79],[18,50,35,80,81,55],[50,17,16,82,83,79],[51,50,14,84,36,21],[38,43,39,73,17,85],[39,42,40,16,20,86],[5,51,6,38,87,88],[50,38,37,74,89,90],[36,50,37,91,90,92],[51,7,6,93,94,87],[51,45,44,10,95,96],[51,4,49,37,8,31],[7,51,8,93,22,97],[51,44,50,96,98,84],[48,47,51,99,75,33],[50,18,17,80,100,82],[50,36,35,91,101,81],[50,44,43,98,102,72]],"face_number":52,"img_height":500,"img_path":".\\image\\015.png","img_width":700,"indices":[1,0,2,0,3,2,0,4,3,0,49,4,46,45,51,8,14,9,43,42,39,42,41,40,51,14,8,9,14,10,10,14,11,11,13,12,11,14,13,51,49,48,50,15,14,4,51,5,34,33,27,20,19,26,21,20,25,21,23,22,21,24,23,19,18,35,21,25,24,20,26,25,19,34,26,27,26,34,28,27,33,28,32,29,29,31,30,29,32,31,28,33,32,50,43,38,51,47,46,19,35,34,16,15,50,18,50,35,50,17,16,51,50,14,38,43,39,39,42,40,5,51,6,50,38,37,36,50,37,51,7,6,51,45,44,51,4,49,7,51,8,51,44,50,48,47,51,50,18,17,50,36,35,50,44,43],"negative_edge":[["21","16","167.215424"],["16","21","167.215424"],["22","16","199.401611"],["16","22","199.401611"],["22","12","300.913605"],["29","24","179.067032"],["40","31","276.479645"],["31","39","250.639175"],["36","31","167.343964"],["41","31","307.689789"],["31","40","276.479645"],["37","31","198.768707"],["31","36","167.343964"],["38","31","225.800797"],["31","37","198.768707"],["39","31","250.639175"],["31","38","225.800797"],["47","42","192.044266"],["42","46","151.476074"],["46","42","151.476074"],["42","47","192.044266"],["47","41","237.023209"],["49","41","320.502716"],["41","47","237.023209"]],