{"auxiliary_edge":[["42","43","308.537781"],["47","45","228.988907"],["41","26","249.757309"],["46","43","261.534790"],["41","49","192.864136"],["44","45","275.134796"],["12","10","95.036835"],["11","13","94.921021"],["24","26","97.082436"],["25","23","96.166519"],["43","48","207.342789"],["16","41","250.712845"],["44","17","171.825775"],["4","46","135.462799"],["3","5","94.366310"],["39","46","156.241180"],["0","38","100.079971"],["9","48","112.699745"],["11","8","108.226616"],["8","44","119.296425"],["7","10","94.894676"],["39","37","96.690224"],["46","7","183.587646"],["44","3","199.963333"],["12","15","116.211014"],["0","41","216.033920"],["45","1","162.424545"],["14","48","100.916977"],["13","16","92.892410"],["35","41","282.697693"],["42","36","195.695328"],["45","34","171.518890"],["43","24","174.316193"],["47","22","150.458313"],["23","41","226.117401"],["20","18","95.294281"],["19","21","98.508881"],["5","40","69.375786"],["6","4","93.509361"],["38","36","95.273293"],["47","27","159.211929"],["42","25","191.021820"],["3","1","97.082436"],["2","49","128.754669"],["29","27","99.904953"],["28","30","96.426140"],["35","37","95.441078"],["19","17","95.603348"],["6","7","49.030602"],["18","16","94.921021"],["44","40","120.727715"],["49","48","169.726120"],["29","32","119.816528"],["31","42","143.260300"],["42","46","277.433289"],["28","26","96.798759"],["2","0","98.731964"],["16","7","174.002869"],["44","15","146.187012"],["35","33","96.896851"],["23","21","95.880135"],["22","20","98.615417"],["34","32","93.150414"],["33","30","119.854080"],["47","44","231.083023"]],"avg_edge_length":89.59139251708984,"bounding_box":[12.0,16.0,668.0,470.0],"centroid":[350.11993408203125,256.2569885253906],"centroid_tri_idx":52,"edge_list":[["47","41","126.176445"],["41","42","194.773651"],["42","47","162.205795"],["41","44","146.385056"],["44","46","157.430557"],["46","41","125.971191"],["12","11","49.000000"],["11","48","74.019745"],["48","12","69.979622"],["47","25","106.232140"],["25","24","49.497475"],["24","47","93.351364"],["16","44","132.743378"],["44","43","146.608322"],["43","16","135.905441"],["4","3","47.759815"],["3","49","93.602730"],["49","4","70.939720"],["45","0","128.756454"],["0","39","51.039200"],["39","45","106.457634"],["8","10","76.157730"],["10","9","46.754681"],["9","8","46.238514"],["11","10","47.127487"],["10","48","92.466080"],["8","7","20.615528"],["7","48","97.280464"],["48","8","95.664803"],["39","38","49.365982"],["38","45","98.056015"],["44","49","113.643219"],["49","46","113.513382"],["48","13","79.144043"],["13","12","47.927029"],["45","46","149.006943"],["46","0","120.259071"],["13","15","77.833153"],["15","14","42.201897"],["14","13","48.918301"],["48","15","92.861282"],["42","45","162.800690"],["45","35","146.054535"],["35","42","169.483612"],["47","23","116.786575"],["23","43","145.417664"],["43","47","152.500824"],["19","43","120.401360"],["43","20","112.606979"],["20","19","48.507732"],["24","23","47.853943"],["49","6","70.934036"],["6","5","48.764740"],["5","49","64.644951"],["38","37","47.539455"],["37","45","106.418800"],["42","26","166.528244"],["26","47","131.102310"],["2","46","92.093849"],["46","3","107.484573"],["3","2","48.507732"],["29","28","50.911690"],["28","42","125.614273"],["42","29","120.166298"],["45","36","124.714722"],["36","35","48.104053"],["19","18","49.578220"],["18","43","124.915810"],["49","40","70.037888"],["40","6","24.515301"],["18","17","47.853943"],["17","43","129.405457"],["7","49","77.336754"],["44","7","100.455017"],["42","30","126.337799"],["30","29","45.803928"],["30","32","79.056938"],["32","31","42.059483"],["31","30","47.885281"],["37","36","48.301140"],["41","45","152.438309"],["28","27","49.203659"],["27","42","142.988571"],["5","4","47.434166"],["1","46","96.819275"],["2","1","48.662102"],["48","44","119.517067"],["16","48","95.108597"],["26","25","47.801674"],["27","26","47.885281"],["35","34","49.648766"],["34","42","143.693176"],["17","16","48.373547"],["23","22","48.466484"],["22","43","124.800827"],["22","21","47.853943"],["21","43","112.039505"],["21","20","51.039200"],["16","15","17.464249"],["34","33","47.413078"],["33","42","126.943733"],["1","0","50.159744"],["32","42","129.609634"],["33","32","45.793011"],["43","41","167.655991"],["7","40","24.515301"]],"edge_to_tri":[[0,52],[0,33],[0,22],[1,54],[1,11],[1,56],[2],[2,8],[2,12],[3,38],[3],[3,19],[4,37],[4,54],[4,41],[5],[5,55],[5,35],[6,13],[6],[6,10],[7,51],[7],[7],[8],[8,51],[9],[9,45],[9,51],[10],[10,21],[11,29],[11,55],[12,15],[12],[13,56],[13,48],[14,15],[14],[14],[15,46],[16,33],[16,25],[16,40],[17,19],[17,42],[17,52],[18,26],[18,44],[18],[19],[20,27],[20],[20,35],[21],[21,32],[22,39],[22,38],[23,36],[23,55],[23],[24],[24,34],[24,30],[25,32],[25],[26],[26,28],[27,53],[27],[28],[28,41],[29,53],[29,45],[30,50],[30],[31,50],[31],[31],[32],[33,56],[34],[34,39],[35],[36,48],[36],[37,45],[37,46],[38],[39],[40],[40,47],[41],[42],[42,43],[43],[43,44],[44],[46],[47],[47,49],[48],[49,50],[49],[52,54],[53]],"face_indice":[[47,41,42,0,1,2],[41,44,46,3,4,5],[12,11,48,6,7,8],[47,25,24,9,10,11],[16,44,43,12,13,14],[4,3,49,15,16,17],[45,0,39,18,19,20],[8,10,9,21,22,23],[48,11,10,7,24,25],[8,7,48,26,27,28],[45,39,38,20,29,30],[44,49,46,31,32,4],[48,13,12,33,34,8],[45,46,0,35,36,18],[13,15,14,37,38,39],[13,48,15,33,40,37],[42,45,35,41,42,43],[47,23,43,44,45,46],[19,43,20,47,48,49],[23,47,24,44,11,50],[49,6,5,51,52,53],[38,37,45,54,55,30],[47,42,26,2,56,57],[2,46,3,58,59,60],[29,28,42,61,62,63],[35,45,36,42,64,65],[43,19,18,47,66,67],[6,49,40,51,68,69],[43,18,17,67,70,71],[7,49,44,72,31,73],[42,30,29,74,75,63],[30,32,31,76,77,78],[45,37,36,55,79,64],[42,41,45,1,80,41],[28,27,42,81,82,62],[5,4,49,83,17,53],[1,46,2,84,58,85],[48,44,16,86,12,87],[25,47,26,9,57,88],[26,42,27,56,82,89],[42,35,34,43,90,91],[17,16,43,92,14,71],[43,23,22,45,93,94],[22,21,43,95,96,94],[20,43,21,48,96,97],[44,48,7,86,27,73],[15,48,16,40,87,98],[34,33,42,99,100,91],[0,46,1,36,84,101],[32,42,33,102,100,103],[30,42,32,74,102,76],[8,48,10,28,25,21],[47,43,41,46,104,0],[7,40,49,105,68,72],[41,43,44,104,13,3],[49,3,46,16,59,32],[45,41,46,80,5,35]],"face_number":57,"img_height":500,"img_path":".\\image\\016.png","img_width":700,"indices":[47,41,42,41,44,46,12,11,48,47,25,24,16,44,43,4,3,49,45,0,39,8,10,9,48,11,10,8,7,48,45,39,38,44,49,46,48,13,12,45,46,0,13,15,14,13,48,15,42,45,35,47,23,43,19,43,20,23,47,24,49,6,5,38,37,45,47,42,26,2,46,3,29,28,42,35,45,36,43,19,18,6,49,40,43,18,17,7,49,44,42,30,29,30,32,31,45,37,36,42,41,45,28,27,42,5,4,49,1,46,2,48,44,16,25,47,26,26,42,27,42,35,34,17,16,43,43,23,22,22,21,43,20,43,21,44,48,7,15,48,16,34,33,42,0,46,1,32,42,33,30,42,32,8,48,10,47,43,41,7,40,49,41,43,44,49,3,46,45,41,46],"negative_edge":[["26","22","192.275848"]],