{"auxiliary_edge":[["2","4","111.395691"],["3","49","193.294586"],["6","10","152.118378"],["51","8","165.320755"],["9","5","156.185791"],["44","53","150.254272"],["43","0","122.004097"],["2","0","118.224365"],["1","51","173.122940"],["3","5","116.107712"],["43","41","121.061966"],["42","49","204.034317"],["7","9","111.323853"],["15","10","164.195007"],["14","21","178.549713"],["12","14","114.162163"],["11","52","146.460968"],["10","13","100.448990"],["45","23","95.199966"],["22","21","59.033890"],["27","53","232.008591"],["50","36","161.807846"],["37","26","180.055542"],["16","52","148.580170"],["15","17","114.856430"],["16","47","105.588821"],["19","18","58.821766"],["48","20","35.468296"],["47","46","54.994286"],["20","17","61.773781"],["2","52","288.156647"],["14","51","236.181854"],["25","23","79.120163"],["24","50","170.436630"],["50","51","289.897400"],["52","53","266.971741"],["49","21","282.529175"],["37","49","205.560867"],["50","38","207.220535"],["28","37","183.002731"],["27","35","165.411606"],["29","35","198.655487"],["28","30","109.224541"],["31","36","175.308304"],["28","32","168.121979"],["31","34","145.619370"],["33","35","96.876213"],["43","50","297.538452"],["22","26","118.848640"],["39","53","141.913391"],["38","40","82.565125"],["52","9","162.254013"],["10","49","208.998779"],["41","37","145.003448"],["38","42","149.036911"],["44","1","117.324333"],["18","21","64.536812"],["15","50","227.325531"],["4","6","117.545738"],["52","45","149.532227"],["27","23","102.615791"]],"avg_edge_length":87.58720397949219,"bounding_box":[11.0,10.0,679.0,479.0],"centroid":[352.4188537597656,256.1393127441406],"centroid_tri_idx":24,"edge_list":[["51","3","113.474037"],["3","2","57.697487"],["2","51","129.127869"],["51","9","136.263306"],["9","6","123.328827"],["6","51","133.072205"],["44","43","61.294373"],["43","49","168.012009"],["49","44","153.251617"],["1","49","143.647736"],["49","2","154.826950"],["2","1","58.412327"],["4","3","57.428215"],["51","4","96.970375"],["42","53","96.173683"],["53","43","109.259705"],["43","42","63.126858"],["6","8","90.138779"],["8","7","54.644306"],["7","6","56.044624"],["9","8","63.126858"],["14","52","127.550758"],["52","15","124.543098"],["15","14","58.309521"],["11","13","50.635956"],["13","12","57.384666"],["12","11","53.000000"],["11","10","55.009090"],["10","14","120.166550"],["14","11","90.520714"],["14","13","57.008770"],["50","22","118.743568"],["22","45","34.867794"],["45","50","119.985092"],["50","37","150.886322"],["37","27","147.512711"],["27","50","104.806480"],["15","21","129.120102"],["21","16","92.956978"],["16","15","58.180752"],["21","17","50.990196"],["17","16","61.814240"],["46","19","29.410883"],["19","48","29.410883"],["48","46","11.007285"],["18","46","33.276428"],["48","18","29.410883"],["20","18","22.561028"],["18","47","41.868843"],["47","20","24.166092"],["49","51","149.665924"],["20","46","31.720123"],["10","52","118.064598"],["26","25","56.586216"],["25","24","25.000000"],["24","26","64.474800"],["23","26","74.686012"],["24","23","59.539902"],["52","49","181.686600"],["49","50","198.837524"],["50","52","144.542496"],["50","53","194.735916"],["53","37","96.917847"],["28","27","57.567352"],["27","36","130.138382"],["36","28","154.951599"],["29","28","60.440052"],["28","31","128.160049"],["31","29","99.478638"],["31","30","62.008064"],["30","29","56.364883"],["28","35","173.000000"],["35","31","149.933319"],["35","32","117.923706"],["32","31","59.008472"],["32","34","94.810333"],["34","33","48.104053"],["33","32","59.439045"],["35","34","59.169250"],["36","35","55.470715"],["53","49","138.775497"],["37","36","40.496914"],["50","23","134.777618"],["23","22","60.406952"],["39","38","57.245087"],["38","41","109.201645"],["41","39","82.619614"],["41","40","58.872746"],["40","39","31.622776"],["10","51","117.070885"],["51","52","185.856171"],["38","53","113.941658"],["53","41","110.575180"],["49","0","151.372589"],["0","44","61.204575"],["38","37","57.384666"],["18","17","59.539902"],["17","47","51.224995"],["21","47","24.166092"],["52","21","130.940704"],["1","0","59.908264"],["10","9","48.104053"],["51","5","104.551086"],["5","4","59.033890"],["50","21","126.603554"],["26","50","118.449020"],["27","26","32.557640"],["45","21","24.166094"],["42","41","58.249462"],["6","5","58.821766"]],"edge_to_tri":[[0,4],[0],[0,19],[1,49],[1,7],[1,56],[2],[2,34],[2,42],[3,48],[3,19],[3],[4],[4,50],[5,54],[5,34],[5],[6,7],[6],[6],[7],[8,21],[8,47],[8],[9,11],[9],[9],[10],[10,21],[10,11],[11],[12,37],[12],[12,53],[13,25],[13,36],[13,52],[14,47],[14,15],[14],[15,46],[15],[16],[16],[16,17],[17,20],[17],[18,20],[18,45],[18],[19,43],[20],[21,40],[22],[22],[22,23],[23,55],[23],[24,43],[24,35],[24,51],[25,35],[25,44],[26],[26,36],[26,33],[27],[27,29],[27,28],[28],[28],[29,33],[29,30],[30,32],[30],[31,32],[31],[31],[32],[33],[34,35],[36],[37,55],[37],[38],[38,41],[38,39],[39],[39],[40,49],[40,43],[41,44],[41,54],[42,48],[42],[44],[45],[45,46],[46],[47,51],[48],[49],[50,56],[50],[51,53],[52,55],[52],[53],[54],[56]],"face_indice":[[51,3,2,0,1,2],[51,9,6,3,4,5],[44,43,49,6,7,8],[1,49,2,9,10,11],[4,3,51,12,0,13],[42,53,43,14,15,16],[6,8,7,17,18,19],[6,9,8,4,20,17],[14,52,15,21,22,23],[11,13,12,24,25,26],[11,10,14,27,28,29],[11,14,13,29,30,24],[50,22,45,31,32,33],[50,37,27,34,35,36],[15,21,16,37,38,39],[16,21,17,38,40,41],[46,19,48,42,43,44],[18,46,48,45,44,46],[20,18,47,47,48,49],[2,49,51,10,50,2],[18,20,46,47,51,45],[10,52,14,52,21,28],[26,25,24,53,54,55],[23,26,24,56,55,57],[52,49,50,58,59,60],[37,50,53,34,61,62],[28,27,36,63,64,65],[29,28,31,66,67,68],[29,31,30,68,69,70],[28,35,31,71,72,67],[31,35,32,72,73,74],[32,34,33,75,76,77],[32,35,34,73,78,75],[28,36,35,65,79,71],[49,43,53,7,15,80],[49,53,50,80,61,59],[36,27,37,64,35,81],[22,50,23,31,82,83],[39,38,41,84,85,86],[39,41,40,86,87,88],[10,51,52,89,90,52],[38,53,41,91,92,85],[44,49,0,8,93,94],[52,51,49,90,50,58],[37,53,38,62,91,95],[18,17,47,96,97,48],[17,21,47,40,98,97],[15,52,21,22,99,37],[1,0,49,100,93,9],[9,51,10,3,89,101],[51,5,4,102,103,13],[52,50,21,60,104,99],[26,50,27,105,36,106],[45,21,50,107,104,33],[41,53,42,92,14,108],[50,26,23,105,56,82],[5,51,6,102,5,109]],"face_number":57,"img_height":500,"img_path":".\\image\\017.png","img_width":700,"indices":[51,3,2,51,9,6,44,43,49,1,49,2,4,3,51,42,53,43,6,8,7,6,9,8,14,52,15,11,13,12,11,10,14,11,14,13,50,22,45,50,37,27,15,21,16,16,21,17,46,19,48,18,46,48,20,18,47,2,49,51,18,20,46,10,52,14,26,25,24,23,26,24,52,49,50,37,50,53,28,27,36,29,28,31,29,31,30,28,35,31,31,35,32,32,34,33,32,35,34,28,36,35,49,43,53,49,53,50,36,27,37,22,50,23,39,38,41,39,41,40,10,51,52,38,53,41,44,49,0,52,51,49,37,53,38,18,17,47,17,21,47,15,52,21,1,0,49,9,51,10,51,5,4,52,50,21,26,50,27,45,21,50,41,53,42,50,26,23,5,51,6],"negative_edge":[["3","0","175.328262"],["16","13","173.104019"],["30","24","154.870911"],["40","33","162.609970"]],