{"auxiliary_edge":[["5","22","129.838364"],["23","6","126.015869"],["13","4","187.256516"],["22","20","99.624290"],["21","13","148.222809"],["23","14","164.176727"],["5","12","162.163498"],["6","11","144.557953"],["7","13","152.970581"],["7","10","112.378822"],["8","12","127.141655"],["9","11","89.202019"],["44","1","81.492332"],["5","24","123.405838"],["21","15","130.495209"],["14","19","139.402298"],["16","20","106.892471"],["15","18","115.485931"],["17","19","72.401657"],["34","36","93.941475"],["35","33","82.389320"],["23","3","130.648376"],["4","45","197.007462"],["30","45","195.918457"],["29","31","98.671173"],["40","46","198.634644"],["39","1","187.384628"],["35","37","103.585716"],["24","2","177.890411"],["3","25","188.451584"],["37","39","99.764725"],["38","36","101.316338"],["40","2","177.901657"],["45","41","181.152390"],["28","46","201.220764"],["29","27","101.400200"],["0","42","86.977005"],["45","38","189.145966"],["39","29","292.865143"],["31","33","101.019798"],["32","30","98.412399"],["32","34","89.805344"],["3","1","91.021973"],["26","24","104.139328"],["25","27","100.439034"],["26","28","99.368004"],["40","42","96.566040"],["41","43","99.724625"]],"avg_edge_length":88.573974609375,"bounding_box":[5.0,1.0,692.0,480.0],"centroid":[345.3577880859375,274.01873779296875],"centroid_tri_idx":25,"edge_list":[["23","13","149.459030"],["13","5","153.717270"],["5","23","81.541397"],["22","21","49.729267"],["21","14","129.065872"],["14","22","142.214630"],["23","22","52.239830"],["22","13","144.183914"],["13","6","148.222809"],["6","5","49.929951"],["12","7","128.996124"],["7","6","47.853943"],["6","12","140.463516"],["11","8","95.770561"],["8","7","49.040798"],["7","11","116.400169"],["10","9","43.416588"],["9","8","52.239830"],["8","10","73.061615"],["44","43","51.244511"],["43","0","42.720020"],["0","44","31.764761"],["11","10","49.979996"],["12","11","51.039200"],["13","12","50.990196"],["4","23","89.000000"],["5","4","34.928497"],["21","20","50.159744"],["20","14","127.318497"],["14","13","50.039986"],["15","14","53.000000"],["20","15","108.189651"],["15","19","101.833199"],["19","16","77.414467"],["16","15","51.351727"],["16","18","70.710678"],["18","17","34.132095"],["17","16","49.648766"],["19","18","49.929951"],["20","19","49.244289"],["46","35","99.412399"],["35","34","44.384682"],["34","46","107.997932"],["4","24","119.970833"],["24","23","48.764740"],["3","24","148.084442"],["4","3","52.345009"],["29","46","166.239792"],["46","30","133.498810"],["30","29","50.447994"],["40","39","47.169907"],["39","45","167.810242"],["45","40","158.649231"],["36","35","51.855568"],["46","36","91.583038"],["3","45","175.355789"],["45","24","159.506195"],["46","38","134.351624"],["38","37","50.477718"],["37","46","109.540695"],["45","1","160.307098"],["1","40","143.087387"],["45","29","179.828308"],["29","28","52.038448"],["28","45","166.819489"],["1","0","49.739319"],["43","1","66.910385"],["39","46","163.786179"],["46","45","169.738510"],["46","32","91.451813"],["32","31","50.477718"],["31","46","108.316612"],["33","32","50.606323"],["46","33","103.731560"],["2","45","157.833374"],["3","2","49.396355"],["37","36","51.739735"],["39","38","49.769470"],["25","45","144.084229"],["45","26","147.446091"],["26","25","50.990196"],["34","33","43.382023"],["25","24","53.150730"],["27","26","50.119858"],["45","27","156.198227"],["1","41","113.885910"],["41","40","49.517673"],["1","42","82.807007"],["42","41","49.040798"],["43","42","50.990196"],["28","27","50.219517"],["2","1","41.868843"],["31","30","48.466484"]],"edge_to_tri":[[0,2],[0,3],[0,11],[1],[1,12],[1,13],[2],[2,13],[3,10],[3],[4,9],[4],[4,10],[5,8],[5],[5,9],[6],[6],[6,8],[7],[7,29],[7],[8],[9],[10],[11,20],[11],[12],[12,14],[13],[14],[14,18],[15,18],[15,17],[15],[16,17],[16],[16],[17],[18],[19,24],[19],[19,37],[20,21],[20],[21,25],[21],[22,45],[22,46],[22],[23],[23,30],[23,27],[24],[24,34],[25,33],[25,38],[26,35],[26],[26,34],[27,44],[27,40],[28,45],[28],[28,43],[29],[29,42],[30,35],[30,45],[31,32],[31],[31,46],[32],[32,37],[33,44],[33],[34],[35],[36,38],[36,39],[36],[37],[38],[39],[39,43],[40,41],[40],[41,42],[41],[42],[43],[44],[46]],"face_indice":[[23,13,5,0,1,2],[22,21,14,3,4,5],[23,22,13,6,7,0],[13,6,5,8,9,1],[12,7,6,10,11,12],[11,8,7,13,14,15],[10,9,8,16,17,18],[44,43,0,19,20,21],[11,10,8,22,18,13],[12,11,7,23,15,10],[13,12,6,24,12,8],[4,23,5,25,2,26],[21,20,14,27,28,4],[13,22,14,7,5,29],[15,14,20,30,28,31],[15,19,16,32,33,34],[16,18,17,35,36,37],[16,19,18,33,38,35],[15,20,19,31,39,32],[46,35,34,40,41,42],[23,4,24,25,43,44],[3,24,4,45,43,46],[29,46,30,47,48,49],[40,39,45,50,51,52],[36,35,46,53,40,54],[3,45,24,55,56,45],[46,38,37,57,58,59],[40,45,1,52,60,61],[45,29,28,62,63,64],[1,0,43,65,20,66],[39,46,45,67,68,51],[46,32,31,69,70,71],[33,32,46,72,69,73],[2,45,3,74,55,75],[37,36,46,76,54,59],[46,39,38,67,77,57],[25,45,26,78,79,80],[46,34,33,42,81,73],[24,45,25,56,78,82],[27,26,45,83,79,84],[40,1,41,61,85,86],[41,1,42,85,87,88],[42,1,43,87,66,89],[45,28,27,64,90,84],[1,45,2,60,74,91],[45,46,29,68,47,62],[46,31,30,71,92,48]],"face_number":47,"img_height":500,"img_path":".\\image\\018.png","img_width":700,"indices":[23,13,5,22,21,14,23,22,13,13,6,5,12,7,6,11,8,7,10,9,8,44,43,0,11,10,8,12,11,7,13,12,6,4,23,5,21,20,14,13,22,14,15,14,20,15,19,16,16,18,17,16,19,18,15,20,19,46,35,34,23,4,24,3,24,4,29,46,30,40,39,45,36,35,46,3,45,24,46,38,37,40,45,1,45,29,28,1,0,43,39,46,45,46,32,31,33,32,46,2,45,3,37,36,46,46,39,38,25,45,26,46,34,33,24,45,25,27,26,45,40,1,41,41,1,42,42,1,43,45,28,27,1,45,2,45,46,29,46,31,30],"negative_edge":[["7","44","227.149734"],["44","6","207.183487"],["6","44","207.183487"],["8","44","261.227875"],["44","7","227.149734"],["9","44","307.234436"],["44","8","261.227875"],["16","11","244.534256"],["11","15","194.200928"],["15","11","194.200928"],["11","16","244.534256"],["16","10","294.457123"],["27","20","205.204773"],["20","26","167.919617"],["29","18","370.487518"],["18","28","320.351379"],["30","18","420.880035"],["18","29","370.487518"],["26","20","167.919617"],["20","27","205.204773"],["27","19","238.449158"],["19","27","238.449158"],["27","18","278.820740"],["28","18","320.351379"],["18","27","278.820740"]],