{"auxiliary_edge":[["17","13","105.019043"],["16","6","134.301895"],["4","6","69.354164"],["5","57","137.165710"],["41","52","73.408691"],["42","57","112.314461"],["12","7","87.091904"],["11","6","92.444580"],["7","10","75.538071"],["8","50","60.512699"],["50","17","135.239807"],["11","51","55.491390"],["12","18","138.397980"],["14","16","84.528099"],["12","15","87.800911"],["56","22","232.825806"],["28","39","265.345062"],["55","29","183.153137"],["17","55","167.437958"],["2","45","104.752090"],["46","3","98.600204"],["57","47","131.331039"],["44","40","106.962608"],["41","45","79.101204"],["22","20","85.375641"],["21","28","192.924850"],["39","37","62.241467"],["38","55","210.043228"],["26","24","86.925255"],["25","27","84.291161"],["25","23","71.847061"],["46","44","60.406952"],["26","28","84.723076"],["27","55","182.472733"],["30","35","120.070816"],["31","29","90.697296"],["48","2","74.686012"],["47","0","77.025970"],["28","30","85.041168"],["6","2","130.000000"],["3","55","215.772552"],["56","40","164.137161"],["32","35","87.206650"],["31","33","82.036575"],["34","56","124.749725"],["37","35","89.827614"],["36","38","73.409805"],["40","6","287.513489"],["55","41","212.383362"],["57","39","177.986526"],["18","57","204.701416"],["6","19","171.732346"],["43","44","29.732138"],["42","54","32.062439"],["31","36","132.913513"],["54","42","32.062439"],["44","43","29.732138"],["19","21","84.905830"],["20","18","83.096329"],["1","46","85.702972"],["1","53","46.849586"],["8","9","47.095646"],["48","49","43.737854"]],"avg_edge_length":68.74161529541016,"bounding_box":[33.0,25.0,624.0,449.0],"centroid":[351.56329345703125,254.6659698486328],"centroid_tri_idx":35,"edge_list":[["17","16","43.416588"],["16","12","94.847244"],["12","17","113.159180"],["5","4","43.104523"],["4","3","42.801868"],["3","5","78.294319"],["6","5","27.856777"],["3","6","98.762344"],["44","42","23.769728"],["42","41","44.384682"],["41","44","63.505905"],["12","11","42.154476"],["11","50","72.629860"],["50","12","88.372849"],["11","8","52.239830"],["8","7","44.147480"],["7","11","63.780876"],["6","12","97.082436"],["50","6","27.856779"],["11","10","42.638012"],["10","8","37.215588"],["7","50","16.527905"],["6","17","116.661903"],["15","14","41.012192"],["14","13","42.154476"],["13","15","45.486263"],["16","13","70.837845"],["13","12","47.095646"],["16","15","44.598206"],["28","55","171.888519"],["55","56","151.767319"],["56","28","138.798996"],["18","17","25.709921"],["6","18","130.679001"],["46","57","103.586838"],["57","2","99.697968"],["2","46","72.249565"],["41","57","123.576859"],["57","44","95.744926"],["22","21","44.721359"],["21","55","151.554306"],["55","22","139.163528"],["38","56","110.492256"],["56","39","129.067627"],["39","38","33.615471"],["26","25","43.046486"],["25","22","75.000000"],["22","26","99.689522"],["25","24","44.643028"],["24","22","59.481091"],["24","23","36.235340"],["23","22","35.735138"],["45","57","88.367355"],["46","45","45.354160"],["27","26","42.801868"],["22","27","123.490891"],["28","27","42.544094"],["22","28","148.660690"],["56","31","119.489632"],["31","30","46.615448"],["30","56","106.906845"],["47","1","49.929951"],["1","48","36.124783"],["48","47","45.891174"],["29","28","41.868843"],["56","29","111.073181"],["3","57","93.013802"],["57","6","140.012772"],["55","39","202.417068"],["32","31","43.600460"],["31","34","74.215904"],["34","32","49.040798"],["33","32","39.204590"],["34","33","43.657761"],["31","35","94.593872"],["35","34","44.721359"],["36","56","82.623924"],["56","37","100.011269"],["37","36","45.967381"],["45","44","16.492422"],["55","57","144.009995"],["57","40","147.878143"],["40","55","204.634567"],["3","2","31.400637"],["6","55","192.112976"],["55","18","147.076248"],["30","29","44.102154"],["40","39","45.177429"],["43","42","43.965897"],["42","52","29.099817"],["52","43","14.866079"],["56","35","91.200577"],["52","44","18.534752"],["44","54","14.866069"],["54","52","7.827432"],["55","20","152.417389"],["20","19","42.449970"],["19","55","149.224945"],["38","37","28.635643"],["47","2","59.228371"],["2","1","43.139309"],["1","0","43.011627"],["0","48","33.837849"],["47","46","43.174065"],["10","51","23.370520"],["51","8","20.468573"],["10","9","26.627054"],["9","51","26.627075"],["54","43","14.866069"],["0","53","18.345406"],["53","48","21.783377"],["0","49","21.954498"],["49","53","21.954479"],["19","18","41.340054"],["36","35","43.931767"],["41","40","44.384682"],["21","20","44.011364"]],"edge_to_tri":[[0],[0,11],[0,9],[1],[1],[1,2],[2],[2,28],[3,50],[3],[3,16],[4],[4,8],[4,6],[5,7],[5],[5,8],[6,9],[6],[7],[7,48],[8],[9,14],[10],[10],[10,12],[11,12],[11],[12],[13,58],[13,29],[13,27],[14],[14,37],[15,22],[15,36],[15,47],[16,57],[16,34],[17],[17,59],[17,58],[18,44],[18,29],[18],[19],[19,20],[19,23],[20],[20,21],[21],[21],[22,34],[22],[23],[23,24],[24],[24,58],[25,41],[25],[25,38],[26,45],[26,46],[26],[27],[27,38],[28,36],[28,55],[29,39],[30],[30,32],[30,31],[31],[31],[32,41],[32],[33,56],[33,44],[33],[34],[35,55],[35,57],[35,39],[36],[37,55],[37,54],[38],[39],[40],[40,50],[40,51],[41,56],[42,50],[42],[42,51],[43,59],[43],[43,54],[44],[45,47],[45],[46],[46,52],[47],[48,49],[48],[49],[49],[51],[52,53],[52],[53],[53],[54],[56],[57],[59]],"face_indice":[[17,16,12,0,1,2],[5,4,3,3,4,5],[6,5,3,6,5,7],[44,42,41,8,9,10],[12,11,50,11,12,13],[11,8,7,14,15,16],[6,12,50,17,13,18],[11,10,8,19,20,14],[11,7,50,16,21,12],[17,12,6,2,17,22],[15,14,13,23,24,25],[12,16,13,1,26,27],[16,15,13,28,25,26],[28,55,56,29,30,31],[18,17,6,32,22,33],[46,57,2,34,35,36],[41,57,44,37,38,10],[22,21,55,39,40,41],[38,56,39,42,43,44],[26,25,22,45,46,47],[25,24,22,48,49,46],[22,24,23,49,50,51],[45,57,46,52,34,53],[27,26,22,54,47,55],[28,27,22,56,55,57],[56,31,30,58,59,60],[47,1,48,61,62,63],[29,28,56,64,31,65],[3,57,6,66,67,7],[39,56,55,43,30,68],[32,31,34,69,70,71],[33,32,34,72,71,73],[34,31,35,70,74,75],[36,56,37,76,77,78],[45,44,57,79,38,52],[55,57,40,80,81,82],[2,57,3,35,66,83],[18,6,55,33,84,85],[30,29,56,86,65,60],[55,40,39,82,87,68],[43,42,52,88,89,90],[31,56,35,58,91,74],[52,44,54,92,93,94],[55,20,19,95,96,97],[37,56,38,77,42,98],[1,47,2,61,99,100],[1,0,48,101,102,62],[46,2,47,36,99,103],[8,10,51,20,104,105],[10,9,51,106,107,104],[42,44,52,8,92,89],[43,52,54,90,94,108],[48,0,53,102,109,110],[0,49,53,111,112,109],[19,18,55,113,85,97],[55,6,57,84,67,80],[35,56,36,91,76,114],[41,40,57,115,81,37],[22,55,28,41,29,57],[55,21,20,40,116,95]],"face_number":60,"img_height":500,"img_path":".\\image\\019.png","img_width":700,"indices":[17,16,12,5,4,3,6,5,3,44,42,41,12,11,50,11,8,7,6,12,50,11,10,8,11,7,50,17,12,6,15,14,13,12,16,13,16,15,13,28,55,56,18,17,6,46,57,2,41,57,44,22,21,55,38,56,39,26,25,22,25,24,22,22,24,23,45,57,46,27,26,22,28,27,22,56,31,30,47,1,48,29,28,56,3,57,6,39,56,55,32,31,34,33,32,34,34,31,35,36,56,37,45,44,57,55,57,40,2,57,3,18,6,55,30,29,56,55,40,39,43,42,52,31,56,35,52,44,54,55,20,19,37,56,38,1,47,2,1,0,48,46,2,47,8,10,51,10,9,51,42,44,52,43,52,54,48,0,53,0,49,53,19,18,55,55,6,57,35,56,36,41,40,57,22,55,28,55,21,20],"negative_edge":[["0","9","180.853531"],["9","49","191.859329"],["8","0","163.174759"],["9","0","180.853531"],["0","51","169.482498"],["0","8","163.174759"],["51","0","169.482498"],["14","11","125.035995"],["11","14","125.035995"],["14","10","159.812393"],["14","9","184.176544"],["10","14","159.812393"],["20","15","161.616837"],["15","19","127.098389"],["19","15","127.098389"],["24","20","120.950401"],["20","24","120.950401"],["24","15","278.210358"],["15","20","161.616837"],["24","14","316.551727"],["15","24","278.210358"],["31","27","170.425934"],["27","30","124.843903"],["30","27","124.843903"],["27","31","170.425934"],["32","27","213.588394"],["27","32","213.588394"],["32","26","255.976563"],["36","33","130.736374"],["33","36","130.736374"],["37","33","175.285477"],["49","43","170.423004"],["43","53","148.630508"],["48","43","127.062973"],["43","48","127.062973"],["53","43","148.630508"]],