{"auxiliary_edge":[["2","48","119.422775"],["1","46","246.420441"],["45","3","155.544403"],["48","0","155.488693"],["4","6","83.384651"],["5","3","75.894661"],["7","6","34.481880"],["43","46","154.879272"],["38","36","89.185204"],["37","39","88.617157"],["16","14","90.443352"],["15","17","91.760559"],["9","11","69.050705"],["10","44","47.714592"],["40","13","86.510666"],["7","11","48.166378"],["12","46","143.952591"],["4","1","118.713943"],["32","21","116.867447"],["31","33","60.207973"],["43","5","58.105507"],["21","45","206.065308"],["46","31","192.072006"],["47","19","156.874023"],["18","16","90.354858"],["17","19","90.376991"],["7","45","187.848633"],["48","13","140.924561"],["45","35","119.576035"],["36","46","213.808899"],["47","37","115.614296"],["20","46","142.854126"],["41","21","111.503365"],["31","23","85.211502"],["24","41","106.103722"],["23","29","99.924973"],["25","30","101.513542"],["24","26","77.201035"],["25","28","94.000000"],["27","29","65.253349"],["22","47","107.780663"],["30","22","88.323273"],["36","33","48.104053"],["35","32","71.175842"],["47","42","77.354561"],["7","14","116.709038"],["15","13","90.210861"],["12","44","53.426144"],["33","34","47.042534"],["18","21","103.392456"],["40","8","26.175632"],["38","0","89.627007"],["1","39","96.026039"],["47","48","203.416626"]],"avg_edge_length":64.1024398803711,"bounding_box":[86.0,66.0,527.0,367.0],"centroid":[378.51385498046875,249.35971069335938],"centroid_tri_idx":46,"edge_list":[["1","3","78.262383"],["3","2","42.801868"],["2","1","44.011364"],["45","48","119.937546"],["48","1","126.920540"],["1","45","117.251625"],["48","5","55.372261"],["5","4","40.199501"],["4","48","78.620079"],["7","43","17.240940"],["43","48","72.582504"],["48","7","77.016487"],["38","37","45.607018"],["37","45","97.636909"],["45","38","100.295990"],["15","46","107.347717"],["46","16","105.413605"],["16","15","46.097721"],["9","8","45.221676"],["8","10","35.693138"],["10","9","31.320919"],["8","11","34.014702"],["11","10","43.416588"],["7","12","37.576588"],["12","40","44.791565"],["40","7","17.240955"],["7","13","74.108032"],["13","12","44.721359"],["3","48","90.395020"],["4","3","42.520584"],["31","47","61.172253"],["47","32","64.709808"],["32","31","19.313208"],["43","6","17.240940"],["6","48","72.106865"],["46","47","149.482880"],["47","21","110.833176"],["21","46","143.397339"],["17","46","111.045380"],["46","18","113.976776"],["18","17","46.486557"],["48","46","145.009125"],["46","7","140.193176"],["36","47","77.132423"],["47","45","109.101639"],["45","36","103.446899"],["20","19","44.045429"],["19","21","60.307545"],["21","20","18.681541"],["22","31","70.007141"],["31","41","23.194826"],["41","22","76.243034"],["24","23","50.009998"],["23","30","75.106590"],["30","24","93.230896"],["25","24","35.510563"],["24","29","93.648277"],["29","25","84.599052"],["26","25","45.880280"],["29","26","64.884514"],["26","28","53.450912"],["28","27","22.203604"],["27","26","48.373547"],["29","28","45.617977"],["30","29","46.238514"],["22","21","45.188496"],["21","31","97.575615"],["23","41","76.896034"],["41","30","23.194826"],["6","5","44.643028"],["23","22","49.010204"],["35","47","72.032455"],["36","35","20.000000"],["37","36","44.384682"],["33","47","65.881927"],["35","33","28.600698"],["33","32","43.680660"],["46","13","121.263763"],["15","14","45.967381"],["14","46","111.744278"],["12","11","43.863426"],["11","40","37.508305"],["35","42","18.883165"],["42","33","16.432064"],["35","34","30.610456"],["34","42","30.610470"],["19","18","44.418465"],["46","19","124.527756"],["11","44","33.326359"],["44","40","13.087825"],["8","44","13.087807"],["45","39","105.369812"],["39","38","44.777225"],["0","45","102.942451"],["1","0","46.872166"],["46","45","159.280228"],["14","13","45.177429"],["17","16","46.529560"],["0","39","49.254440"]],"edge_to_tri":[[0,39],[0],[0],[1,50],[1,39],[1,44],[2,27],[2],[2,10],[3],[3,12],[3,15],[4],[4,31],[4,43],[5,35],[5,48],[5],[6],[6,7],[6],[7,42],[7],[8,9],[8,36],[8],[9,34],[9],[10,39],[10],[11,29],[11,33],[11],[12],[12,27],[13,46],[13,29],[13,45],[14,48],[14,40],[14],[15,50],[15,34],[16,30],[16,46],[16,31],[17],[17,45],[17],[18,25],[18],[18,28],[19],[19,26],[19,24],[20],[20,24],[20,21],[21],[21,23],[22,23],[22],[22],[23],[24],[25],[25,29],[26,28],[26],[27],[28],[30,32],[30],[31],[32,33],[32,37],[33],[34,47],[35],[35,47],[36],[36,41],[37,38],[37],[38],[38],[40],[40,45],[41,42],[41],[42],[43,49],[43],[44,49],[44],[46,50],[47],[48],[49]],"face_indice":[[1,3,2,0,1,2],[45,48,1,3,4,5],[48,5,4,6,7,8],[7,43,48,9,10,11],[38,37,45,12,13,14],[15,46,16,15,16,17],[9,8,10,18,19,20],[10,8,11,19,21,22],[7,12,40,23,24,25],[12,7,13,23,26,27],[3,48,4,28,8,29],[31,47,32,30,31,32],[48,43,6,10,33,34],[46,47,21,35,36,37],[17,46,18,38,39,40],[7,48,46,11,41,42],[36,47,45,43,44,45],[20,19,21,46,47,48],[22,31,41,49,50,51],[24,23,30,52,53,54],[25,24,29,55,56,57],[26,25,29,58,57,59],[26,28,27,60,61,62],[26,29,28,59,63,60],[24,30,29,54,64,56],[22,21,31,65,66,49],[30,23,41,53,67,68],[5,48,6,6,34,69],[23,22,41,70,51,67],[31,21,47,66,36,30],[35,47,36,71,43,72],[36,45,37,45,13,73],[33,47,35,74,71,75],[32,47,33,31,74,76],[46,13,7,77,26,42],[46,15,14,15,78,79],[12,11,40,80,81,24],[33,35,42,75,82,83],[35,34,42,84,85,82],[1,48,3,4,28,0],[19,18,46,86,39,87],[40,11,44,81,88,89],[11,8,44,21,90,88],[45,39,38,91,92,14],[0,45,1,93,5,94],[46,21,19,37,47,87],[46,45,47,95,44,35],[14,13,46,96,77,79],[16,46,17,16,38,97],[39,45,0,91,93,98],[46,48,45,41,3,95]],"face_number":51,"img_height":500,"img_path":".\\image\\020.png","img_width":700,"indices":[1,3,2,45,48,1,48,5,4,7,43,48,38,37,45,15,46,16,9,8,10,10,8,11,7,12,40,12,7,13,3,48,4,31,47,32,48,43,6,46,47,21,17,46,18,7,48,46,36,47,45,20,19,21,22,31,41,24,23,30,25,24,29,26,25,29,26,28,27,26,29,28,24,30,29,22,21,31,30,23,41,5,48,6,23,22,41,31,21,47,35,47,36,36,45,37,33,47,35,32,47,33,46,13,7,46,15,14,12,11,40,33,35,42,35,34,42,1,48,3,19,18,46,40,11,44,11,8,44,45,39,38,0,45,1,46,21,19,46,45,47,14,13,46,16,46,17,39,45,0,46,48,45],"negative_edge":[["9","2","155.724121"],["14","11","132.018936"],["24","19","190.436340"],["20","24","149.646255"],["24","20","149.646255"],["19","24","190.436340"],["24","18","234.164474"],["28","34","147.597427"],["34","27","168.860886"],["34","29","124.579292"],["29","34","124.579292"],["34","28","147.597427"],["27","34","168.860886"],["38","27","269.534790"],["27","38","269.534790"],["39","27","314.311951"]],